run_id,paradigm,model,dataset,num_clients,cpus,alpha,repeat,round,loss,acc,total_runtime,communication_time,delay_time,training_time
fl_cnn_mnist_K3_c1_a0.1_r0,fl,cnn,mnist,3,1,0.1,0,1,1.014,65.34,30.8956,11.2306,0.0,19.665
fl_cnn_mnist_K3_c1_a0.1_r0,fl,cnn,mnist,3,1,0.1,0,2,0.3355,89.01,24.0613,4.6845,0.0,19.3768
fl_cnn_mnist_K3_c1_a0.1_r0,fl,cnn,mnist,3,1,0.1,0,3,0.1654,95.04,24.1612,4.6705,0.0,19.4907
fl_cnn_mnist_K3_c1_a0.1_r0,fl,cnn,mnist,3,1,0.1,0,4,0.1227,96.51,24.0626,4.5909,0.0,19.4717
fl_cnn_mnist_K3_c1_a0.1_r0,fl,cnn,mnist,3,1,0.1,0,5,0.0735,97.85,24.3653,4.8484,0.0,19.517
fl_cnn_mnist_K3_c1_a0.1_r0,fl,cnn,mnist,3,1,0.1,0,6,0.0607,98.23,30.4087,10.6324,0.0,19.7763
fl_cnn_mnist_K3_c1_a0.1_r0,fl,cnn,mnist,3,1,0.1,0,7,0.062,98.2,24.0661,4.6338,0.0,19.4323
fl_cnn_mnist_K3_c1_a0.1_r0,fl,cnn,mnist,3,1,0.1,0,8,0.0487,98.52,24.0623,4.5801,0.0,19.4822
fl_cnn_mnist_K3_c1_a0.1_r0,fl,cnn,mnist,3,1,0.1,0,9,0.0522,98.45,23.9605,4.6275,0.0,19.333
fl_cnn_mnist_K3_c1_a0.1_r0,fl,cnn,mnist,3,1,0.1,0,10,0.0439,98.68,23.8582,4.6393,0.0,19.2189
sl_cnn_mnist_K5_c1_a1.0_r0,sl,cnn,mnist,5,1,1.0,0,1,0.5681,82.18,84.767,70.7,0.0,25.203
sl_cnn_mnist_K5_c1_a1.0_r0,sl,cnn,mnist,5,1,1.0,0,2,0.3366,89.06,82.082,70.1027,0.0,23.6558
sl_cnn_mnist_K5_c1_a1.0_r0,sl,cnn,mnist,5,1,1.0,0,3,0.2343,92.59,81.8632,69.9556,0.0,23.5963
sl_cnn_mnist_K5_c1_a1.0_r0,sl,cnn,mnist,5,1,1.0,0,4,0.1725,94.69,82.4093,70.4575,0.0,23.6072
sl_cnn_mnist_K5_c1_a1.0_r0,sl,cnn,mnist,5,1,1.0,0,5,0.1419,95.56,81.4625,69.8985,0.0,23.4267
sl_cnn_mnist_K5_c1_a1.0_r0,sl,cnn,mnist,5,1,1.0,0,6,0.1252,95.99,87.6803,73.2032,0.0,25.8264
sl_cnn_mnist_K5_c1_a1.0_r0,sl,cnn,mnist,5,1,1.0,0,7,0.1111,96.37,82.3599,70.4365,0.0,23.5269
sl_cnn_mnist_K5_c1_a1.0_r0,sl,cnn,mnist,5,1,1.0,0,8,0.1017,96.65,82.2571,70.2327,0.0,23.3638
sl_cnn_mnist_K5_c1_a1.0_r0,sl,cnn,mnist,5,1,1.0,0,9,0.0935,96.89,82.9202,70.5125,0.0,23.8535
sl_cnn_mnist_K5_c1_a1.0_r0,sl,cnn,mnist,5,1,1.0,0,10,0.0865,97.14,82.307,70.3659,0.0,23.8603
sl_cnn_mnist_K3_c1_a0.9_r0,sl,cnn,mnist,3,1,0.9,0,1,2.3057,52.33,122.8551,108.3433,0.0,33.4749
sl_cnn_mnist_K3_c1_a0.9_r0,sl,cnn,mnist,3,1,0.9,0,2,2.9767,55.72,118.6349,106.6152,0.0,31.2743
sl_cnn_mnist_K3_c1_a0.9_r0,sl,cnn,mnist,3,1,0.9,0,3,2.4445,59.65,118.1984,106.0051,0.0,31.309
sl_cnn_mnist_K3_c1_a0.9_r0,sl,cnn,mnist,3,1,0.9,0,4,2.4745,56.13,118.1369,106.0344,0.0,31.7638
sl_cnn_mnist_K3_c1_a0.9_r0,sl,cnn,mnist,3,1,0.9,0,5,1.9304,63.43,118.6776,106.5299,0.0,31.323
sl_cnn_mnist_K3_c1_a0.9_r0,sl,cnn,mnist,3,1,0.9,0,6,1.1232,74.2,120.4755,106.3011,0.0,32.7898
sl_cnn_mnist_K3_c1_a0.9_r0,sl,cnn,mnist,3,1,0.9,0,7,0.4169,86.62,117.8735,105.2122,0.0,31.9624
sl_cnn_mnist_K3_c1_a0.9_r0,sl,cnn,mnist,3,1,0.9,0,8,0.248,91.97,116.2946,104.3963,0.0,30.7418
sl_cnn_mnist_K3_c1_a0.9_r0,sl,cnn,mnist,3,1,0.9,0,9,0.17,94.4,118.0952,106.0839,0.0,31.6905
sl_cnn_mnist_K3_c1_a0.9_r0,sl,cnn,mnist,3,1,0.9,0,10,0.1412,95.39,117.9779,105.9401,0.0,31.581
sl_cnn_mnist_K10_c1_a0.5_r0,sl,cnn,mnist,10,1,0.5,0,1,0.7561,75.58,75.7489,62.2458,0.0,22.8962
sl_cnn_mnist_K10_c1_a0.5_r0,sl,cnn,mnist,10,1,0.5,0,2,0.4868,84.39,74.7442,62.9752,0.0,21.2278
sl_cnn_mnist_K10_c1_a0.5_r0,sl,cnn,mnist,10,1,0.5,0,3,0.3513,88.81,73.6798,61.9755,0.0,21.1659
sl_cnn_mnist_K10_c1_a0.5_r0,sl,cnn,mnist,10,1,0.5,0,4,0.2754,91.16,74.3203,62.752,0.0,21.1497
sl_cnn_mnist_K10_c1_a0.5_r0,sl,cnn,mnist,10,1,0.5,0,5,0.2335,92.46,75.1531,63.6337,0.0,21.0791
sl_cnn_mnist_K10_c1_a0.5_r0,sl,cnn,mnist,10,1,0.5,0,6,0.1874,93.94,75.5699,62.0634,0.0,22.5904
sl_cnn_mnist_K10_c1_a0.5_r0,sl,cnn,mnist,10,1,0.5,0,7,0.1707,94.42,75.6983,63.2078,0.0,21.7457
sl_cnn_mnist_K10_c1_a0.5_r0,sl,cnn,mnist,10,1,0.5,0,8,0.1572,94.82,73.7357,61.7871,0.0,21.1507
sl_cnn_mnist_K10_c1_a0.5_r0,sl,cnn,mnist,10,1,0.5,0,9,0.1462,95.15,74.1356,62.0209,0.0,21.2835
sl_cnn_mnist_K10_c1_a0.5_r0,sl,cnn,mnist,10,1,0.5,0,10,0.137,95.44,73.0077,60.7839,0.0,21.2752
sl_cnn_mnist_K10_c1_a0.9_r0,sl,cnn,mnist,10,1,0.9,0,1,0.6701,79.9,70.3028,56.5378,0.0,21.5224
sl_cnn_mnist_K10_c1_a0.9_r0,sl,cnn,mnist,10,1,0.9,0,2,0.3534,89.12,67.9306,55.4077,0.0,20.0718
sl_cnn_mnist_K10_c1_a0.9_r0,sl,cnn,mnist,10,1,0.9,0,3,0.2441,92.36,69.1972,56.4322,0.0,20.4789
sl_cnn_mnist_K10_c1_a0.9_r0,sl,cnn,mnist,10,1,0.9,0,4,0.196,93.73,69.703,56.8618,0.0,20.6264
sl_cnn_mnist_K10_c1_a0.9_r0,sl,cnn,mnist,10,1,0.9,0,5,0.1669,94.61,68.321,55.9586,0.0,20.1667
sl_cnn_mnist_K10_c1_a0.9_r0,sl,cnn,mnist,10,1,0.9,0,6,0.1348,95.67,69.2053,56.21,0.0,20.9403
sl_cnn_mnist_K10_c1_a0.9_r0,sl,cnn,mnist,10,1,0.9,0,7,0.1213,96.05,66.3415,54.6474,0.0,19.6359
sl_cnn_mnist_K10_c1_a0.9_r0,sl,cnn,mnist,10,1,0.9,0,8,0.1113,96.38,68.1677,56.2935,0.0,20.0074
sl_cnn_mnist_K10_c1_a0.9_r0,sl,cnn,mnist,10,1,0.9,0,9,0.1036,96.62,66.3128,54.8982,0.0,19.5105
sl_cnn_mnist_K10_c1_a0.9_r0,sl,cnn,mnist,10,1,0.9,0,10,0.0979,96.79,66.7512,55.1001,0.0,19.7298
sl_cnn_mnist_K5_c1_a0.5_r0,sl,cnn,mnist,5,1,0.5,0,1,0.7989,72.89,99.2829,85.0577,0.0,28.4586
sl_cnn_mnist_K5_c1_a0.5_r0,sl,cnn,mnist,5,1,0.5,0,2,0.4753,83.36,95.7314,83.7593,0.0,26.5165
sl_cnn_mnist_K5_c1_a0.5_r0,sl,cnn,mnist,5,1,0.5,0,3,0.372,86.99,95.8746,83.7842,0.0,26.7725
sl_cnn_mnist_K5_c1_a0.5_r0,sl,cnn,mnist,5,1,0.5,0,4,0.2986,89.86,95.1498,83.1179,0.0,26.7863
sl_cnn_mnist_K5_c1_a0.5_r0,sl,cnn,mnist,5,1,0.5,0,5,0.2563,91.35,94.3302,82.5323,0.0,26.6679
sl_cnn_mnist_K5_c1_a0.5_r0,sl,cnn,mnist,5,1,0.5,0,6,0.183,94.0,98.823,84.5674,0.0,28.5267
sl_cnn_mnist_K5_c1_a0.5_r0,sl,cnn,mnist,5,1,0.5,0,7,0.1664,94.59,94.1004,82.4173,0.0,26.4922
sl_cnn_mnist_K5_c1_a0.5_r0,sl,cnn,mnist,5,1,0.5,0,8,0.1555,94.91,93.7169,81.8803,0.0,26.7482
sl_cnn_mnist_K5_c1_a0.5_r0,sl,cnn,mnist,5,1,0.5,0,9,0.1491,95.07,94.3138,82.4383,0.0,26.8253
sl_cnn_mnist_K5_c1_a0.5_r0,sl,cnn,mnist,5,1,0.5,0,10,0.1447,95.11,95.4336,83.5851,0.0,26.6076
sfl_cnn_mnist_K10_c1_a0.5_r0,sfl,cnn,mnist,10,1,0.5,0,1,0.7365,76.34,76.6566,62.6697,0.0,23.0201
sfl_cnn_mnist_K10_c1_a0.5_r0,sfl,cnn,mnist,10,1,0.5,0,2,0.3632,88.81,74.7441,62.4293,0.0,21.2834
sfl_cnn_mnist_K10_c1_a0.5_r0,sfl,cnn,mnist,10,1,0.5,0,3,0.2537,92.26,72.3752,60.3511,0.0,21.0864
sfl_cnn_mnist_K10_c1_a0.5_r0,sfl,cnn,mnist,10,1,0.5,0,4,0.1966,94.1,75.4299,63.0198,0.0,21.4105
sfl_cnn_mnist_K10_c1_a0.5_r0,sfl,cnn,mnist,10,1,0.5,0,5,0.1651,94.99,73.9743,61.6103,0.0,21.5317
sfl_cnn_mnist_K10_c1_a0.5_r0,sfl,cnn,mnist,10,1,0.5,0,6,0.1505,95.17,74.8923,61.2049,0.0,22.6433
sfl_cnn_mnist_K10_c1_a0.5_r0,sfl,cnn,mnist,10,1,0.5,0,7,0.1278,95.94,74.039,61.9935,0.0,21.0632
sfl_cnn_mnist_K10_c1_a0.5_r0,sfl,cnn,mnist,10,1,0.5,0,8,0.118,96.16,74.8447,63.1045,0.0,20.9244
sfl_cnn_mnist_K10_c1_a0.5_r0,sfl,cnn,mnist,10,1,0.5,0,9,0.1076,96.5,72.717,60.9325,0.0,20.7633
sfl_cnn_mnist_K10_c1_a0.5_r0,sfl,cnn,mnist,10,1,0.5,0,10,0.1019,96.73,73.0526,61.3378,0.0,20.7002
sfl_cnn_mnist_K5_c1_a0.9_r0,sfl,cnn,mnist,5,1,0.9,0,1,0.6684,78.78,97.6562,83.7667,0.0,28.1371
sfl_cnn_mnist_K5_c1_a0.9_r0,sfl,cnn,mnist,5,1,0.9,0,2,0.3333,89.71,92.8033,80.832,0.0,26.3593
sfl_cnn_mnist_K5_c1_a0.9_r0,sfl,cnn,mnist,5,1,0.9,0,3,0.2172,93.36,93.1617,80.9574,0.0,26.6089
sfl_cnn_mnist_K5_c1_a0.9_r0,sfl,cnn,mnist,5,1,0.9,0,4,0.1675,94.78,93.4099,81.3574,0.0,26.574
sfl_cnn_mnist_K5_c1_a0.9_r0,sfl,cnn,mnist,5,1,0.9,0,5,0.1413,95.68,93.2949,81.4408,0.0,26.6504
sfl_cnn_mnist_K5_c1_a0.9_r0,sfl,cnn,mnist,5,1,0.9,0,6,0.1242,96.21,96.6004,82.5343,0.0,28.0314
sfl_cnn_mnist_K5_c1_a0.9_r0,sfl,cnn,mnist,5,1,0.9,0,7,0.1122,96.36,93.7129,81.465,0.0,26.2588
sfl_cnn_mnist_K5_c1_a0.9_r0,sfl,cnn,mnist,5,1,0.9,0,8,0.1063,96.52,93.1098,81.314,0.0,25.7491
sfl_cnn_mnist_K5_c1_a0.9_r0,sfl,cnn,mnist,5,1,0.9,0,9,0.0962,96.84,94.1433,81.7208,0.0,26.5107
sfl_cnn_mnist_K5_c1_a0.9_r0,sfl,cnn,mnist,5,1,0.9,0,10,0.0913,97.06,92.7758,80.8565,0.0,26.1472
fl_cnn_mnist_K5_c1_a1.0_r0,fl,cnn,mnist,5,1,1.0,0,1,0.1845,94.66,33.6202,24.0477,0.0,9.5726
fl_cnn_mnist_K5_c1_a1.0_r0,fl,cnn,mnist,5,1,1.0,0,2,0.0941,97.05,27.6713,18.1334,0.0,9.5379
fl_cnn_mnist_K5_c1_a1.0_r0,fl,cnn,mnist,5,1,1.0,0,3,0.0737,97.7,27.8797,18.318,0.0,9.5616
fl_cnn_mnist_K5_c1_a1.0_r0,fl,cnn,mnist,5,1,1.0,0,4,0.0575,98.31,27.8742,18.1715,0.0,9.7027
fl_cnn_mnist_K5_c1_a1.0_r0,fl,cnn,mnist,5,1,1.0,0,5,0.0488,98.45,27.7775,18.2108,0.0,9.5666
fl_cnn_mnist_K5_c1_a1.0_r0,fl,cnn,mnist,5,1,1.0,0,6,0.046,98.46,34.4196,24.9342,0.0,9.4854
fl_cnn_mnist_K5_c1_a1.0_r0,fl,cnn,mnist,5,1,1.0,0,7,0.0417,98.75,27.574,18.1283,0.0,9.4457
fl_cnn_mnist_K5_c1_a1.0_r0,fl,cnn,mnist,5,1,1.0,0,8,0.0399,98.78,27.576,18.0725,0.0,9.5035
fl_cnn_mnist_K5_c1_a1.0_r0,fl,cnn,mnist,5,1,1.0,0,9,0.0344,98.85,27.6736,18.2106,0.0,9.463
fl_cnn_mnist_K5_c1_a1.0_r0,fl,cnn,mnist,5,1,1.0,0,10,0.0341,98.93,27.9836,18.5146,0.0,9.469
fl_cnn_mnist_K5_c1_a0.5_r0,fl,cnn,mnist,5,1,0.5,0,1,0.6192,85.13,34.7401,22.4912,0.0,12.2488
fl_cnn_mnist_K5_c1_a0.5_r0,fl,cnn,mnist,5,1,0.5,0,2,0.1352,95.65,28.0735,15.8449,0.0,12.2286
fl_cnn_mnist_K5_c1_a0.5_r0,fl,cnn,mnist,5,1,0.5,0,3,0.0912,97.04,27.874,15.7012,0.0,12.1727
fl_cnn_mnist_K5_c1_a0.5_r0,fl,cnn,mnist,5,1,0.5,0,4,0.0765,97.55,27.7734,15.7158,0.0,12.0575
fl_cnn_mnist_K5_c1_a0.5_r0,fl,cnn,mnist,5,1,0.5,0,5,0.0615,97.99,27.9746,15.7787,0.0,12.1959
fl_cnn_mnist_K5_c1_a0.5_r0,fl,cnn,mnist,5,1,0.5,0,6,0.055,98.26,34.7009,22.4233,0.0,12.2776
fl_cnn_mnist_K5_c1_a0.5_r0,fl,cnn,mnist,5,1,0.5,0,7,0.0468,98.55,27.873,15.792,0.0,12.081
fl_cnn_mnist_K5_c1_a0.5_r0,fl,cnn,mnist,5,1,0.5,0,8,0.0463,98.43,28.0736,15.8394,0.0,12.2342
fl_cnn_mnist_K5_c1_a0.5_r0,fl,cnn,mnist,5,1,0.5,0,9,0.0423,98.64,27.8723,15.7608,0.0,12.1115
fl_cnn_mnist_K5_c1_a0.5_r0,fl,cnn,mnist,5,1,0.5,0,10,0.039,98.7,27.8774,15.8521,0.0,12.0252
fl_cnn_mnist_K10_c1_a0.9_r0,fl,cnn,mnist,10,1,0.9,0,1,0.8328,86.75,34.2191,27.5659,0.0,6.6531
fl_cnn_mnist_K10_c1_a0.9_r0,fl,cnn,mnist,10,1,0.9,0,2,0.1912,94.5,27.6665,20.9936,0.0,6.6729
fl_cnn_mnist_K10_c1_a0.9_r0,fl,cnn,mnist,10,1,0.9,0,3,0.1272,96.02,27.868,21.067,0.0,6.801
fl_cnn_mnist_K10_c1_a0.9_r0,fl,cnn,mnist,10,1,0.9,0,4,0.1084,96.6,27.6623,21.0367,0.0,6.6256
fl_cnn_mnist_K10_c1_a0.9_r0,fl,cnn,mnist,10,1,0.9,0,5,0.0986,96.77,27.3617,20.713,0.0,6.6487
fl_cnn_mnist_K10_c1_a0.9_r0,fl,cnn,mnist,10,1,0.9,0,6,0.0778,97.51,34.2314,27.531,0.0,6.7004
fl_cnn_mnist_K10_c1_a0.9_r0,fl,cnn,mnist,10,1,0.9,0,7,0.0678,97.85,27.6583,21.0009,0.0,6.6573
fl_cnn_mnist_K10_c1_a0.9_r0,fl,cnn,mnist,10,1,0.9,0,8,0.0631,97.94,27.4103,20.7977,0.0,6.6126
fl_cnn_mnist_K10_c1_a0.9_r0,fl,cnn,mnist,10,1,0.9,0,9,0.057,98.13,27.9091,21.2649,0.0,6.6442
fl_cnn_mnist_K10_c1_a0.9_r0,fl,cnn,mnist,10,1,0.9,0,10,0.054,98.27,27.9645,21.3133,0.0,6.6512
sl_cnn_mnist_K3_c1_a0.5_r0,sl,cnn,mnist,3,1,0.5,0,1,0.7523,74.79,142.4397,128.157,0.0,36.9881
sl_cnn_mnist_K3_c1_a0.5_r0,sl,cnn,mnist,3,1,0.5,0,2,0.462,84.27,139.3806,126.9875,0.0,35.4364
sl_cnn_mnist_K3_c1_a0.5_r0,sl,cnn,mnist,3,1,0.5,0,3,0.3018,89.69,140.0434,127.6754,0.0,35.7256
sl_cnn_mnist_K3_c1_a0.5_r0,sl,cnn,mnist,3,1,0.5,0,4,0.2207,92.63,138.0123,125.8603,0.0,35.6775
sl_cnn_mnist_K3_c1_a0.5_r0,sl,cnn,mnist,3,1,0.5,0,5,0.1792,94.06,139.8966,127.9101,0.0,35.5557
sl_cnn_mnist_K3_c1_a0.5_r0,sl,cnn,mnist,3,1,0.5,0,6,0.1517,94.9,143.0549,128.3865,0.0,37.6068
sl_cnn_mnist_K3_c1_a0.5_r0,sl,cnn,mnist,3,1,0.5,0,7,0.1255,95.82,138.555,126.0347,0.0,35.7213
sl_cnn_mnist_K3_c1_a0.5_r0,sl,cnn,mnist,3,1,0.5,0,8,0.1108,96.4,138.6968,126.0746,0.0,35.6315
sl_cnn_mnist_K3_c1_a0.5_r0,sl,cnn,mnist,3,1,0.5,0,9,0.0993,96.7,138.2384,125.8362,0.0,35.8395
sl_cnn_mnist_K3_c1_a0.5_r0,sl,cnn,mnist,3,1,0.5,0,10,0.0912,96.97,139.8414,127.5936,0.0,35.3123
sfl_cnn_mnist_K10_c1_a1.0_r0,sfl,cnn,mnist,10,1,1.0,0,1,0.6127,80.26,61.6228,47.7572,0.0,19.2458
sfl_cnn_mnist_K10_c1_a1.0_r0,sfl,cnn,mnist,10,1,1.0,0,2,0.3391,89.18,59.0668,46.974,0.0,17.4807
sfl_cnn_mnist_K10_c1_a1.0_r0,sfl,cnn,mnist,10,1,1.0,0,3,0.2279,92.62,59.7992,47.9623,0.0,17.2148
sfl_cnn_mnist_K10_c1_a1.0_r0,sfl,cnn,mnist,10,1,1.0,0,4,0.1696,94.58,59.3156,47.1352,0.0,17.5119
sfl_cnn_mnist_K10_c1_a1.0_r0,sfl,cnn,mnist,10,1,1.0,0,5,0.1344,95.76,60.0612,47.9735,0.0,17.5525
sfl_cnn_mnist_K10_c1_a1.0_r0,sfl,cnn,mnist,10,1,1.0,0,6,0.1143,96.32,60.7724,47.044,0.0,19.1729
sfl_cnn_mnist_K10_c1_a1.0_r0,sfl,cnn,mnist,10,1,1.0,0,7,0.1027,96.75,59.8885,47.562,0.0,17.7386
sfl_cnn_mnist_K10_c1_a1.0_r0,sfl,cnn,mnist,10,1,1.0,0,8,0.0942,97.03,57.904,46.4869,0.0,17.0647
sfl_cnn_mnist_K10_c1_a1.0_r0,sfl,cnn,mnist,10,1,1.0,0,9,0.0876,97.16,57.6938,46.5093,0.0,16.9359
sfl_cnn_mnist_K10_c1_a1.0_r0,sfl,cnn,mnist,10,1,1.0,0,10,0.0822,97.27,57.1477,45.9203,0.0,16.9973
fl_cnn_mnist_K3_c1_a0.5_r0,fl,cnn,mnist,3,1,0.5,0,1,0.2821,95.31,32.0819,10.2502,0.0,21.8316
fl_cnn_mnist_K3_c1_a0.5_r0,fl,cnn,mnist,3,1,0.5,0,2,0.0728,97.6,26.4713,4.7538,0.0,21.7175
fl_cnn_mnist_K3_c1_a0.5_r0,fl,cnn,mnist,3,1,0.5,0,3,0.0704,97.7,26.2676,4.6803,0.0,21.5873
fl_cnn_mnist_K3_c1_a0.5_r0,fl,cnn,mnist,3,1,0.5,0,4,0.0481,98.37,26.1672,4.703,0.0,21.4642
fl_cnn_mnist_K3_c1_a0.5_r0,fl,cnn,mnist,3,1,0.5,0,5,0.0377,98.8,26.1681,4.5856,0.0,21.5825
fl_cnn_mnist_K3_c1_a0.5_r0,fl,cnn,mnist,3,1,0.5,0,6,0.0394,98.79,32.6708,11.2281,0.0,21.4427
fl_cnn_mnist_K3_c1_a0.5_r0,fl,cnn,mnist,3,1,0.5,0,7,0.0354,98.83,26.1683,4.6108,0.0,21.5575
fl_cnn_mnist_K3_c1_a0.5_r0,fl,cnn,mnist,3,1,0.5,0,8,0.0383,98.8,26.2692,4.584,0.0,21.6852
fl_cnn_mnist_K3_c1_a0.5_r0,fl,cnn,mnist,3,1,0.5,0,9,0.0447,98.59,25.9651,4.5239,0.0,21.4413
fl_cnn_mnist_K3_c1_a0.5_r0,fl,cnn,mnist,3,1,0.5,0,10,0.0316,98.93,25.9643,4.5388,0.0,21.4254
sfl_cnn_mnist_K5_c1_a0.1_r0,sfl,cnn,mnist,5,1,0.1,0,1,1.9744,51.77,101.3561,87.4511,0.0,28.8509
sfl_cnn_mnist_K5_c1_a0.1_r0,sfl,cnn,mnist,5,1,0.1,0,2,1.2415,60.65,98.7527,86.9834,0.0,26.8443
sfl_cnn_mnist_K5_c1_a0.1_r0,sfl,cnn,mnist,5,1,0.1,0,3,0.983,68.72,100.1551,87.7102,0.0,27.9851
sfl_cnn_mnist_K5_c1_a0.1_r0,sfl,cnn,mnist,5,1,0.1,0,4,0.8384,74.28,98.7952,86.8159,0.0,27.3514
sfl_cnn_mnist_K5_c1_a0.1_r0,sfl,cnn,mnist,5,1,0.1,0,5,0.7652,75.71,98.0878,86.2324,0.0,27.6996
sfl_cnn_mnist_K5_c1_a0.1_r0,sfl,cnn,mnist,5,1,0.1,0,6,0.7037,79.12,100.6151,86.7095,0.0,28.4458
sfl_cnn_mnist_K5_c1_a0.1_r0,sfl,cnn,mnist,5,1,0.1,0,7,0.6322,79.87,98.5205,86.4001,0.0,27.0469
sfl_cnn_mnist_K5_c1_a0.1_r0,sfl,cnn,mnist,5,1,0.1,0,8,0.6301,80.28,97.437,85.3667,0.0,27.1938
sfl_cnn_mnist_K5_c1_a0.1_r0,sfl,cnn,mnist,5,1,0.1,0,9,0.6312,80.61,97.7966,86.169,0.0,26.4542
sfl_cnn_mnist_K5_c1_a0.1_r0,sfl,cnn,mnist,5,1,0.1,0,10,0.5301,83.0,98.8097,86.7236,0.0,27.0735
sl_cnn_mnist_K10_c1_a1.0_r0,sl,cnn,mnist,10,1,1.0,0,1,0.6128,80.3,59.9485,46.3524,0.0,18.935
sl_cnn_mnist_K10_c1_a1.0_r0,sl,cnn,mnist,10,1,1.0,0,2,0.3381,89.19,58.1525,45.9311,0.0,17.5287
sl_cnn_mnist_K10_c1_a1.0_r0,sl,cnn,mnist,10,1,1.0,0,3,0.2263,92.73,58.8454,46.5784,0.0,17.6734
sl_cnn_mnist_K10_c1_a1.0_r0,sl,cnn,mnist,10,1,1.0,0,4,0.168,94.62,58.4317,46.2448,0.0,17.6213
sl_cnn_mnist_K10_c1_a1.0_r0,sl,cnn,mnist,10,1,1.0,0,5,0.1329,95.84,58.6175,46.4954,0.0,17.4963
sl_cnn_mnist_K10_c1_a1.0_r0,sl,cnn,mnist,10,1,1.0,0,6,0.1156,96.32,59.0401,45.6792,0.0,18.6957
sl_cnn_mnist_K10_c1_a1.0_r0,sl,cnn,mnist,10,1,1.0,0,7,0.1024,96.72,57.0052,45.5909,0.0,16.9898
sl_cnn_mnist_K10_c1_a1.0_r0,sl,cnn,mnist,10,1,1.0,0,8,0.0941,96.97,58.8162,47.1791,0.0,17.2589
sl_cnn_mnist_K10_c1_a1.0_r0,sl,cnn,mnist,10,1,1.0,0,9,0.088,97.17,56.6092,45.2307,0.0,17.0234
sl_cnn_mnist_K10_c1_a1.0_r0,sl,cnn,mnist,10,1,1.0,0,10,0.0825,97.31,57.794,46.2198,0.0,17.2365
fl_cnn_mnist_K10_c1_a0.1_r0,fl,cnn,mnist,10,1,0.1,0,1,1.9444,33.51,34.3386,23.1144,0.0,11.2242
fl_cnn_mnist_K10_c1_a0.1_r0,fl,cnn,mnist,10,1,0.1,0,2,1.2785,57.42,27.8903,16.9861,0.0,10.9042
fl_cnn_mnist_K10_c1_a0.1_r0,fl,cnn,mnist,10,1,0.1,0,3,0.6597,80.14,27.7619,16.9884,0.0,10.7736
fl_cnn_mnist_K10_c1_a0.1_r0,fl,cnn,mnist,10,1,0.1,0,4,0.4448,86.3,27.7608,16.9832,0.0,10.7775
fl_cnn_mnist_K10_c1_a0.1_r0,fl,cnn,mnist,10,1,0.1,0,5,0.3088,90.89,27.9368,17.0406,0.0,10.8961
fl_cnn_mnist_K10_c1_a0.1_r0,fl,cnn,mnist,10,1,0.1,0,6,0.2167,93.88,34.7196,23.9825,0.0,10.737
fl_cnn_mnist_K10_c1_a0.1_r0,fl,cnn,mnist,10,1,0.1,0,7,0.2189,93.09,27.9608,17.1981,0.0,10.7627
fl_cnn_mnist_K10_c1_a0.1_r0,fl,cnn,mnist,10,1,0.1,0,8,0.1773,94.44,27.7961,17.0817,0.0,10.7144
fl_cnn_mnist_K10_c1_a0.1_r0,fl,cnn,mnist,10,1,0.1,0,9,0.1766,94.23,27.9236,17.1821,0.0,10.7415
fl_cnn_mnist_K10_c1_a0.1_r0,fl,cnn,mnist,10,1,0.1,0,10,0.1499,95.51,28.2656,17.4757,0.0,10.7899
fl_cnn_mnist_K3_c1_a1.0_r0,fl,cnn,mnist,3,1,1.0,0,1,0.1574,94.84,28.0666,11.9253,0.0,16.1413
fl_cnn_mnist_K3_c1_a1.0_r0,fl,cnn,mnist,3,1,1.0,0,2,0.0621,98.05,20.6582,4.752,0.0,15.9061
fl_cnn_mnist_K3_c1_a1.0_r0,fl,cnn,mnist,3,1,1.0,0,3,0.0542,98.26,20.4537,4.7621,0.0,15.6916
fl_cnn_mnist_K3_c1_a1.0_r0,fl,cnn,mnist,3,1,1.0,0,4,0.0439,98.71,20.555,4.8576,0.0,15.6974
fl_cnn_mnist_K3_c1_a1.0_r0,fl,cnn,mnist,3,1,1.0,0,5,0.0393,98.74,20.557,4.7556,0.0,15.8014
fl_cnn_mnist_K3_c1_a1.0_r0,fl,cnn,mnist,3,1,1.0,0,6,0.0316,98.97,26.8773,11.32,0.0,15.5572
fl_cnn_mnist_K3_c1_a1.0_r0,fl,cnn,mnist,3,1,1.0,0,7,0.031,99.0,20.2538,4.6662,0.0,15.5876
fl_cnn_mnist_K3_c1_a1.0_r0,fl,cnn,mnist,3,1,1.0,0,8,0.0334,98.99,20.1563,4.5615,0.0,15.5948
fl_cnn_mnist_K3_c1_a1.0_r0,fl,cnn,mnist,3,1,1.0,0,9,0.0291,99.09,20.053,4.6237,0.0,15.4294
fl_cnn_mnist_K3_c1_a1.0_r0,fl,cnn,mnist,3,1,1.0,0,10,0.0301,98.98,20.1517,4.6454,0.0,15.5063
sl_cnn_mnist_K10_c1_a0.1_r0,sl,cnn,mnist,10,1,0.1,0,1,2.0097,46.11,86.4282,73.9039,0.0,24.4349
sl_cnn_mnist_K10_c1_a0.1_r0,sl,cnn,mnist,10,1,0.1,0,2,1.3835,59.92,85.244,73.5077,0.0,23.9061
sl_cnn_mnist_K10_c1_a0.1_r0,sl,cnn,mnist,10,1,0.1,0,3,1.3157,62.04,86.3064,74.6125,0.0,24.0297
sl_cnn_mnist_K10_c1_a0.1_r0,sl,cnn,mnist,10,1,0.1,0,4,1.2862,63.73,86.7149,74.6767,0.0,24.3451
sl_cnn_mnist_K10_c1_a0.1_r0,sl,cnn,mnist,10,1,0.1,0,5,1.2435,65.32,85.5378,74.0177,0.0,24.0267
sl_cnn_mnist_K10_c1_a0.1_r0,sl,cnn,mnist,10,1,0.1,0,6,0.9379,73.94,86.9473,74.7417,0.0,24.5045
sl_cnn_mnist_K10_c1_a0.1_r0,sl,cnn,mnist,10,1,0.1,0,7,0.9561,74.2,86.3774,74.7113,0.0,24.1096
sl_cnn_mnist_K10_c1_a0.1_r0,sl,cnn,mnist,10,1,0.1,0,8,0.9662,74.11,85.3327,73.8292,0.0,24.1706
sl_cnn_mnist_K10_c1_a0.1_r0,sl,cnn,mnist,10,1,0.1,0,9,0.9765,73.87,85.9441,74.6069,0.0,23.8587
sl_cnn_mnist_K10_c1_a0.1_r0,sl,cnn,mnist,10,1,0.1,0,10,0.9807,73.8,86.1517,74.629,0.0,24.1425
sfl_cnn_mnist_K3_c1_a1.0_r0,sfl,cnn,mnist,3,1,1.0,0,1,0.587,81.52,108.6087,94.8238,0.0,30.3382
sfl_cnn_mnist_K3_c1_a1.0_r0,sfl,cnn,mnist,3,1,1.0,0,2,0.3084,90.11,107.2172,95.1031,0.0,28.9994
sfl_cnn_mnist_K3_c1_a1.0_r0,sfl,cnn,mnist,3,1,1.0,0,3,0.2168,93.21,105.7341,93.619,0.0,29.0297
sfl_cnn_mnist_K3_c1_a1.0_r0,sfl,cnn,mnist,3,1,1.0,0,4,0.1732,94.61,107.172,95.0646,0.0,29.3089
sfl_cnn_mnist_K3_c1_a1.0_r0,sfl,cnn,mnist,3,1,1.0,0,5,0.15,95.31,105.9545,93.8583,0.0,29.4807
sfl_cnn_mnist_K3_c1_a1.0_r0,sfl,cnn,mnist,3,1,1.0,0,6,0.1341,95.77,110.5528,97.0345,0.0,31.1724
sfl_cnn_mnist_K3_c1_a1.0_r0,sfl,cnn,mnist,3,1,1.0,0,7,0.1177,96.24,106.8008,94.5815,0.0,29.8966
sfl_cnn_mnist_K3_c1_a1.0_r0,sfl,cnn,mnist,3,1,1.0,0,8,0.105,96.61,105.2802,93.318,0.0,29.5122
sfl_cnn_mnist_K3_c1_a1.0_r0,sfl,cnn,mnist,3,1,1.0,0,9,0.0949,96.92,106.8852,94.6751,0.0,29.8289
sfl_cnn_mnist_K3_c1_a1.0_r0,sfl,cnn,mnist,3,1,1.0,0,10,0.0888,97.14,106.6495,94.7708,0.0,29.8357
fl_cnn_mnist_K5_c1_a0.1_r0,fl,cnn,mnist,5,1,0.1,0,1,1.6213,38.59,29.2859,15.885,0.0,13.4009
fl_cnn_mnist_K5_c1_a0.1_r0,fl,cnn,mnist,5,1,0.1,0,2,0.7462,73.82,22.3599,9.107,0.0,13.2529
fl_cnn_mnist_K5_c1_a0.1_r0,fl,cnn,mnist,5,1,0.1,0,3,0.4809,82.52,22.162,8.9469,0.0,13.2151
fl_cnn_mnist_K5_c1_a0.1_r0,fl,cnn,mnist,5,1,0.1,0,4,0.2695,90.38,22.2588,8.9056,0.0,13.3532
fl_cnn_mnist_K5_c1_a0.1_r0,fl,cnn,mnist,5,1,0.1,0,5,0.354,86.47,22.1674,9.0268,0.0,13.1406
fl_cnn_mnist_K5_c1_a0.1_r0,fl,cnn,mnist,5,1,0.1,0,6,0.1377,95.89,29.1664,15.9636,0.0,13.2027
fl_cnn_mnist_K5_c1_a0.1_r0,fl,cnn,mnist,5,1,0.1,0,7,0.1435,95.12,22.0606,8.8161,0.0,13.2445
fl_cnn_mnist_K5_c1_a0.1_r0,fl,cnn,mnist,5,1,0.1,0,8,0.1768,93.62,22.2657,8.9914,0.0,13.2743
fl_cnn_mnist_K5_c1_a0.1_r0,fl,cnn,mnist,5,1,0.1,0,9,0.1328,95.56,22.464,9.0576,0.0,13.4064
fl_cnn_mnist_K5_c1_a0.1_r0,fl,cnn,mnist,5,1,0.1,0,10,0.1104,96.32,22.2588,8.8338,0.0,13.425
sfl_cnn_mnist_K10_c1_a0.1_r0,sfl,cnn,mnist,10,1,0.1,0,1,1.8631,48.62,87.2104,74.7043,0.0,24.6658
sfl_cnn_mnist_K10_c1_a0.1_r0,sfl,cnn,mnist,10,1,0.1,0,2,0.6557,77.12,87.6639,75.772,0.0,24.2935
sfl_cnn_mnist_K10_c1_a0.1_r0,sfl,cnn,mnist,10,1,0.1,0,3,0.4735,84.2,88.4689,76.6715,0.0,24.3581
sfl_cnn_mnist_K10_c1_a0.1_r0,sfl,cnn,mnist,10,1,0.1,0,4,0.3678,87.87,87.912,76.0332,0.0,24.2721
sfl_cnn_mnist_K10_c1_a0.1_r0,sfl,cnn,mnist,10,1,0.1,0,5,0.3341,88.95,89.1611,77.4185,0.0,24.4414
sfl_cnn_mnist_K10_c1_a0.1_r0,sfl,cnn,mnist,10,1,0.1,0,6,0.4386,85.6,88.3725,74.6255,0.0,25.7712
sfl_cnn_mnist_K10_c1_a0.1_r0,sfl,cnn,mnist,10,1,0.1,0,7,0.2522,91.71,86.1292,74.1821,0.0,23.9735
sfl_cnn_mnist_K10_c1_a0.1_r0,sfl,cnn,mnist,10,1,0.1,0,8,0.2111,93.22,87.4715,75.3957,0.0,24.1723
sfl_cnn_mnist_K10_c1_a0.1_r0,sfl,cnn,mnist,10,1,0.1,0,9,0.1875,93.99,86.4047,74.7459,0.0,23.6288
sfl_cnn_mnist_K10_c1_a0.1_r0,sfl,cnn,mnist,10,1,0.1,0,10,0.1849,94.17,86.47,74.3541,0.0,24.249
fl_cnn_mnist_K5_c1_a0.9_r0,fl,cnn,mnist,5,1,0.9,0,1,0.4536,89.91,34.288,22.509,0.0,11.779
fl_cnn_mnist_K5_c1_a0.9_r0,fl,cnn,mnist,5,1,0.9,0,2,0.1213,96.35,27.4719,15.6829,0.0,11.789
fl_cnn_mnist_K5_c1_a0.9_r0,fl,cnn,mnist,5,1,0.9,0,3,0.0866,97.42,27.3727,15.7306,0.0,11.6421
fl_cnn_mnist_K5_c1_a0.9_r0,fl,cnn,mnist,5,1,0.9,0,4,0.0645,97.81,27.3733,15.6717,0.0,11.7016
fl_cnn_mnist_K5_c1_a0.9_r0,fl,cnn,mnist,5,1,0.9,0,5,0.0566,98.13,27.274,15.6021,0.0,11.6719
fl_cnn_mnist_K5_c1_a0.9_r0,fl,cnn,mnist,5,1,0.9,0,6,0.0497,98.41,34.1926,22.4893,0.0,11.7034
fl_cnn_mnist_K5_c1_a0.9_r0,fl,cnn,mnist,5,1,0.9,0,7,0.0465,98.49,27.0725,15.4303,0.0,11.6421
fl_cnn_mnist_K5_c1_a0.9_r0,fl,cnn,mnist,5,1,0.9,0,8,0.0396,98.66,27.9801,15.9107,0.0,12.0694
fl_cnn_mnist_K5_c1_a0.9_r0,fl,cnn,mnist,5,1,0.9,0,9,0.0377,98.88,27.1687,15.608,0.0,11.5607
fl_cnn_mnist_K5_c1_a0.9_r0,fl,cnn,mnist,5,1,0.9,0,10,0.0425,98.63,27.1697,15.5794,0.0,11.5902
sl_cnn_mnist_K5_c1_a0.9_r0,sl,cnn,mnist,5,1,0.9,0,1,0.6799,78.27,95.6639,81.5947,0.0,27.6703
sl_cnn_mnist_K5_c1_a0.9_r0,sl,cnn,mnist,5,1,0.9,0,2,0.3679,88.23,92.6984,80.5563,0.0,25.9506
sl_cnn_mnist_K5_c1_a0.9_r0,sl,cnn,mnist,5,1,0.9,0,3,0.2525,91.94,92.4349,80.4116,0.0,26.0615
sl_cnn_mnist_K5_c1_a0.9_r0,sl,cnn,mnist,5,1,0.9,0,4,0.2003,93.5,92.2956,80.298,0.0,26.0224
sl_cnn_mnist_K5_c1_a0.9_r0,sl,cnn,mnist,5,1,0.9,0,5,0.1717,94.44,91.8122,80.0649,0.0,25.9139
sl_cnn_mnist_K5_c1_a0.9_r0,sl,cnn,mnist,5,1,0.9,0,6,0.1479,95.23,95.6145,81.4005,0.0,27.7662
sl_cnn_mnist_K5_c1_a0.9_r0,sl,cnn,mnist,5,1,0.9,0,7,0.1355,95.64,92.6714,80.8576,0.0,25.7269
sl_cnn_mnist_K5_c1_a0.9_r0,sl,cnn,mnist,5,1,0.9,0,8,0.1275,95.79,91.636,80.0846,0.0,25.4586
sl_cnn_mnist_K5_c1_a0.9_r0,sl,cnn,mnist,5,1,0.9,0,9,0.1205,96.04,90.9277,79.1271,0.0,25.416
sl_cnn_mnist_K5_c1_a0.9_r0,sl,cnn,mnist,5,1,0.9,0,10,0.1158,96.18,92.5392,80.5654,0.0,25.8569
fl_cnn_mnist_K10_c1_a1.0_r0,fl,cnn,mnist,10,1,1.0,0,1,0.399,89.12,34.8409,29.9822,0.0,4.8587
fl_cnn_mnist_K10_c1_a1.0_r0,fl,cnn,mnist,10,1,1.0,0,2,0.1633,94.99,27.9608,23.1481,0.0,4.8127
fl_cnn_mnist_K10_c1_a1.0_r0,fl,cnn,mnist,10,1,1.0,0,3,0.1122,96.6,27.8602,23.0793,0.0,4.7809
fl_cnn_mnist_K10_c1_a1.0_r0,fl,cnn,mnist,10,1,1.0,0,4,0.0907,97.01,27.9581,23.212,0.0,4.7461
fl_cnn_mnist_K10_c1_a1.0_r0,fl,cnn,mnist,10,1,1.0,0,5,0.0767,97.51,27.9593,23.197,0.0,4.7623
fl_cnn_mnist_K10_c1_a1.0_r0,fl,cnn,mnist,10,1,1.0,0,6,0.065,97.9,33.65,28.8166,0.0,4.8334
fl_cnn_mnist_K10_c1_a1.0_r0,fl,cnn,mnist,10,1,1.0,0,7,0.0579,98.21,27.7614,22.9925,0.0,4.7688
fl_cnn_mnist_K10_c1_a1.0_r0,fl,cnn,mnist,10,1,1.0,0,8,0.0538,98.28,27.5569,22.8024,0.0,4.7545
fl_cnn_mnist_K10_c1_a1.0_r0,fl,cnn,mnist,10,1,1.0,0,9,0.0485,98.5,27.7045,22.899,0.0,4.8055
fl_cnn_mnist_K10_c1_a1.0_r0,fl,cnn,mnist,10,1,1.0,0,10,0.0471,98.58,27.3843,22.6689,0.0,4.7153
sl_cnn_mnist_K3_c1_a1.0_r0,sl,cnn,mnist,3,1,1.0,0,1,0.5871,81.56,110.7692,96.693,0.0,31.1861
sl_cnn_mnist_K3_c1_a1.0_r0,sl,cnn,mnist,3,1,1.0,0,2,0.3096,90.05,107.5861,95.0646,0.0,30.1627
sl_cnn_mnist_K3_c1_a1.0_r0,sl,cnn,mnist,3,1,1.0,0,3,0.2156,93.27,107.748,95.5491,0.0,29.8596
sl_cnn_mnist_K3_c1_a1.0_r0,sl,cnn,mnist,3,1,1.0,0,4,0.1742,94.57,106.2385,94.2595,0.0,29.8928
sl_cnn_mnist_K3_c1_a1.0_r0,sl,cnn,mnist,3,1,1.0,0,5,0.1498,95.32,106.1498,94.0147,0.0,30.1439
sl_cnn_mnist_K3_c1_a1.0_r0,sl,cnn,mnist,3,1,1.0,0,6,0.1341,95.72,110.5326,96.4899,0.0,31.0522
sl_cnn_mnist_K3_c1_a1.0_r0,sl,cnn,mnist,3,1,1.0,0,7,0.1183,96.2,107.5673,95.1865,0.0,29.8023
sl_cnn_mnist_K3_c1_a1.0_r0,sl,cnn,mnist,3,1,1.0,0,8,0.1066,96.55,105.1269,93.3219,0.0,29.3725
sl_cnn_mnist_K3_c1_a1.0_r0,sl,cnn,mnist,3,1,1.0,0,9,0.0967,96.89,104.5461,92.9485,0.0,28.9137
sl_cnn_mnist_K3_c1_a1.0_r0,sl,cnn,mnist,3,1,1.0,0,10,0.09,97.1,103.8473,92.1121,0.0,29.0462
fl_cnn_mnist_K10_c1_a0.5_r0,fl,cnn,mnist,10,1,0.5,0,1,0.999,81.13,34.4374,26.1925,0.0,8.2449
fl_cnn_mnist_K10_c1_a0.5_r0,fl,cnn,mnist,10,1,0.5,0,2,0.226,93.08,27.3502,19.3063,0.0,8.0439
fl_cnn_mnist_K10_c1_a0.5_r0,fl,cnn,mnist,10,1,0.5,0,3,0.1429,95.62,27.5491,19.4224,0.0,8.1267
fl_cnn_mnist_K10_c1_a0.5_r0,fl,cnn,mnist,10,1,0.5,0,4,0.1078,96.67,26.8531,18.7488,0.0,8.1043
fl_cnn_mnist_K10_c1_a0.5_r0,fl,cnn,mnist,10,1,0.5,0,5,0.0914,97.07,27.2571,19.1872,0.0,8.07
fl_cnn_mnist_K10_c1_a0.5_r0,fl,cnn,mnist,10,1,0.5,0,6,0.0812,97.4,34.391,26.3208,0.0,8.0702
fl_cnn_mnist_K10_c1_a0.5_r0,fl,cnn,mnist,10,1,0.5,0,7,0.0693,97.68,26.9533,18.9461,0.0,8.0072
fl_cnn_mnist_K10_c1_a0.5_r0,fl,cnn,mnist,10,1,0.5,0,8,0.0613,98.03,26.9485,19.0153,0.0,7.9331
fl_cnn_mnist_K10_c1_a0.5_r0,fl,cnn,mnist,10,1,0.5,0,9,0.0608,98.01,26.9542,19.0005,0.0,7.9537
fl_cnn_mnist_K10_c1_a0.5_r0,fl,cnn,mnist,10,1,0.5,0,10,0.0579,98.11,26.9478,19.0217,0.0,7.9261
sfl_cnn_mnist_K10_c1_a0.9_r0,sfl,cnn,mnist,10,1,0.9,0,1,0.66,80.4,69.0156,54.9648,0.0,21.5081
sfl_cnn_mnist_K10_c1_a0.9_r0,sfl,cnn,mnist,10,1,0.9,0,2,0.3218,90.14,66.9267,54.983,0.0,19.608
sfl_cnn_mnist_K10_c1_a0.9_r0,sfl,cnn,mnist,10,1,0.9,0,3,0.2225,93.14,66.0037,54.0746,0.0,19.3792
sfl_cnn_mnist_K10_c1_a0.9_r0,sfl,cnn,mnist,10,1,0.9,0,4,0.1685,94.78,67.527,55.4954,0.0,19.4583
sfl_cnn_mnist_K10_c1_a0.9_r0,sfl,cnn,mnist,10,1,0.9,0,5,0.142,95.37,66.5766,54.3957,0.0,19.6244
sfl_cnn_mnist_K10_c1_a0.9_r0,sfl,cnn,mnist,10,1,0.9,0,6,0.1204,96.09,67.2405,53.9524,0.0,20.6119
sfl_cnn_mnist_K10_c1_a0.9_r0,sfl,cnn,mnist,10,1,0.9,0,7,0.1062,96.46,64.5562,53.064,0.0,18.9295
sfl_cnn_mnist_K10_c1_a0.9_r0,sfl,cnn,mnist,10,1,0.9,0,8,0.0955,96.81,65.1736,53.6841,0.0,19.0224
sfl_cnn_mnist_K10_c1_a0.9_r0,sfl,cnn,mnist,10,1,0.9,0,9,0.0877,96.97,66.0171,54.3123,0.0,19.2996
sfl_cnn_mnist_K10_c1_a0.9_r0,sfl,cnn,mnist,10,1,0.9,0,10,0.08,97.29,65.0915,53.7334,0.0,18.905
sfl_cnn_mnist_K3_c1_a0.5_r0,sfl,cnn,mnist,3,1,0.5,0,1,0.7214,75.88,141.7871,127.6038,0.0,36.8898
sfl_cnn_mnist_K3_c1_a0.5_r0,sfl,cnn,mnist,3,1,0.5,0,2,0.4514,84.83,137.8162,125.0464,0.0,35.8876
sfl_cnn_mnist_K3_c1_a0.5_r0,sfl,cnn,mnist,3,1,0.5,0,3,0.2902,90.04,138.2933,125.8722,0.0,35.6405
sfl_cnn_mnist_K3_c1_a0.5_r0,sfl,cnn,mnist,3,1,0.5,0,4,0.1902,93.65,138.0557,125.7744,0.0,35.6455
sfl_cnn_mnist_K3_c1_a0.5_r0,sfl,cnn,mnist,3,1,0.5,0,5,0.1527,94.82,138.7451,126.6476,0.0,35.6641
sfl_cnn_mnist_K3_c1_a0.5_r0,sfl,cnn,mnist,3,1,0.5,0,6,0.1227,95.93,142.3067,127.9502,0.0,37.0621
sfl_cnn_mnist_K3_c1_a0.5_r0,sfl,cnn,mnist,3,1,0.5,0,7,0.108,96.41,139.3822,126.7325,0.0,35.9704
sfl_cnn_mnist_K3_c1_a0.5_r0,sfl,cnn,mnist,3,1,0.5,0,8,0.0952,96.9,139.2122,126.9116,0.0,35.3349
sfl_cnn_mnist_K3_c1_a0.5_r0,sfl,cnn,mnist,3,1,0.5,0,9,0.088,97.18,137.3809,125.1435,0.0,35.5958
sfl_cnn_mnist_K3_c1_a0.5_r0,sfl,cnn,mnist,3,1,0.5,0,10,0.0808,97.42,138.1394,125.866,0.0,35.6302
sfl_cnn_mnist_K5_c1_a0.5_r0,sfl,cnn,mnist,5,1,0.5,0,1,0.7891,73.06,98.0566,83.934,0.0,28.2296
sfl_cnn_mnist_K5_c1_a0.5_r0,sfl,cnn,mnist,5,1,0.5,0,2,0.4241,85.01,94.4593,82.5061,0.0,26.0126
sfl_cnn_mnist_K5_c1_a0.5_r0,sfl,cnn,mnist,5,1,0.5,0,3,0.3494,87.56,94.754,82.9903,0.0,25.9587
sfl_cnn_mnist_K5_c1_a0.5_r0,sfl,cnn,mnist,5,1,0.5,0,4,0.2626,90.88,95.1579,83.2539,0.0,26.4506
sfl_cnn_mnist_K5_c1_a0.5_r0,sfl,cnn,mnist,5,1,0.5,0,5,0.1991,93.27,94.2618,82.5413,0.0,26.1561
sfl_cnn_mnist_K5_c1_a0.5_r0,sfl,cnn,mnist,5,1,0.5,0,6,0.1685,94.28,97.3041,83.5352,0.0,27.7489
sfl_cnn_mnist_K5_c1_a0.5_r0,sfl,cnn,mnist,5,1,0.5,0,7,0.1424,95.16,95.3487,83.0982,0.0,26.4523
sfl_cnn_mnist_K5_c1_a0.5_r0,sfl,cnn,mnist,5,1,0.5,0,8,0.1259,95.74,94.3758,82.3577,0.0,26.2749
sfl_cnn_mnist_K5_c1_a0.5_r0,sfl,cnn,mnist,5,1,0.5,0,9,0.1149,96.12,93.1993,81.431,0.0,25.9666
sfl_cnn_mnist_K5_c1_a0.5_r0,sfl,cnn,mnist,5,1,0.5,0,10,0.1077,96.4,93.3048,81.7719,0.0,26.1434
sl_cnn_mnist_K3_c1_a0.1_r0,sl,cnn,mnist,3,1,0.1,0,1,1.15,62.23,130.5273,116.2796,0.0,34.5398
sl_cnn_mnist_K3_c1_a0.1_r0,sl,cnn,mnist,3,1,0.1,0,2,1.0746,67.18,127.3594,114.7006,0.0,33.595
sl_cnn_mnist_K3_c1_a0.1_r0,sl,cnn,mnist,3,1,0.1,0,3,0.9736,70.62,127.0508,114.7681,0.0,33.0347
sl_cnn_mnist_K3_c1_a0.1_r0,sl,cnn,mnist,3,1,0.1,0,4,0.8722,73.35,125.9326,114.033,0.0,32.6278
sl_cnn_mnist_K3_c1_a0.1_r0,sl,cnn,mnist,3,1,0.1,0,5,0.7776,75.85,126.2496,114.2193,0.0,32.7056
sl_cnn_mnist_K3_c1_a0.1_r0,sl,cnn,mnist,3,1,0.1,0,6,0.4199,85.76,128.9067,114.8089,0.0,34.6164
sl_cnn_mnist_K3_c1_a0.1_r0,sl,cnn,mnist,3,1,0.1,0,7,0.4432,85.2,123.7776,112.0005,0.0,32.3911
sl_cnn_mnist_K3_c1_a0.1_r0,sl,cnn,mnist,3,1,0.1,0,8,0.4366,85.63,125.8766,114.2112,0.0,32.5947
sl_cnn_mnist_K3_c1_a0.1_r0,sl,cnn,mnist,3,1,0.1,0,9,0.4278,85.93,126.6957,114.6529,0.0,33.2862
sl_cnn_mnist_K3_c1_a0.1_r0,sl,cnn,mnist,3,1,0.1,0,10,0.4086,86.63,126.8416,114.9642,0.0,32.9614
sfl_cnn_mnist_K5_c1_a1.0_r0,sfl,cnn,mnist,5,1,1.0,0,1,0.568,82.22,85.937,71.9194,0.0,25.4921
sfl_cnn_mnist_K5_c1_a1.0_r0,sfl,cnn,mnist,5,1,1.0,0,2,0.3367,89.05,81.5188,69.761,0.0,23.3068
sfl_cnn_mnist_K5_c1_a1.0_r0,sfl,cnn,mnist,5,1,1.0,0,3,0.2325,92.7,81.7904,70.0191,0.0,23.564
sfl_cnn_mnist_K5_c1_a1.0_r0,sfl,cnn,mnist,5,1,1.0,0,4,0.172,94.75,83.0705,71.1027,0.0,23.6594
sfl_cnn_mnist_K5_c1_a1.0_r0,sfl,cnn,mnist,5,1,1.0,0,5,0.1432,95.5,83.5608,71.9379,0.0,23.5743
sfl_cnn_mnist_K5_c1_a1.0_r0,sfl,cnn,mnist,5,1,1.0,0,6,0.125,96.0,84.9655,71.1406,0.0,25.116
sfl_cnn_mnist_K5_c1_a1.0_r0,sfl,cnn,mnist,5,1,1.0,0,7,0.1106,96.35,80.9338,69.4587,0.0,22.9653
sfl_cnn_mnist_K5_c1_a1.0_r0,sfl,cnn,mnist,5,1,1.0,0,8,0.1014,96.67,80.3427,68.8088,0.0,23.2575
sfl_cnn_mnist_K5_c1_a1.0_r0,sfl,cnn,mnist,5,1,1.0,0,9,0.0929,96.9,81.0918,69.4593,0.0,23.1361
sfl_cnn_mnist_K5_c1_a1.0_r0,sfl,cnn,mnist,5,1,1.0,0,10,0.0863,97.12,82.0273,70.2908,0.0,23.4517
sl_cnn_mnist_K5_c1_a0.1_r0,sl,cnn,mnist,5,1,0.1,0,1,2.1652,48.53,102.836,88.462,0.0,29.6266
sl_cnn_mnist_K5_c1_a0.1_r0,sl,cnn,mnist,5,1,0.1,0,2,1.6524,59.62,98.4855,86.7217,0.0,26.8413
sl_cnn_mnist_K5_c1_a0.1_r0,sl,cnn,mnist,5,1,0.1,0,3,1.4643,64.43,98.1895,86.4596,0.0,26.7587
sl_cnn_mnist_K5_c1_a0.1_r0,sl,cnn,mnist,5,1,0.1,0,4,1.3306,68.27,97.5449,85.7901,0.0,27.194
sl_cnn_mnist_K5_c1_a0.1_r0,sl,cnn,mnist,5,1,0.1,0,5,1.3007,69.57,97.1451,85.4386,0.0,27.2656
sl_cnn_mnist_K5_c1_a0.1_r0,sl,cnn,mnist,5,1,0.1,0,6,1.1069,71.49,101.436,87.3868,0.0,28.9858
sl_cnn_mnist_K5_c1_a0.1_r0,sl,cnn,mnist,5,1,0.1,0,7,1.1261,73.43,96.9114,85.2642,0.0,26.8323
sl_cnn_mnist_K5_c1_a0.1_r0,sl,cnn,mnist,5,1,0.1,0,8,1.112,75.31,97.1292,85.5335,0.0,26.5707
sl_cnn_mnist_K5_c1_a0.1_r0,sl,cnn,mnist,5,1,0.1,0,9,1.0933,76.56,97.9097,86.2595,0.0,26.8016
sl_cnn_mnist_K5_c1_a0.1_r0,sl,cnn,mnist,5,1,0.1,0,10,1.0694,77.52,97.4243,85.785,0.0,27.2201
fl_cnn_mnist_K3_c1_a0.9_r0,fl,cnn,mnist,3,1,0.9,0,1,0.3151,92.61,27.9639,10.2573,0.0,17.7066
fl_cnn_mnist_K3_c1_a0.9_r0,fl,cnn,mnist,3,1,0.9,0,2,0.0752,97.75,22.3562,4.7321,0.0,17.6241
fl_cnn_mnist_K3_c1_a0.9_r0,fl,cnn,mnist,3,1,0.9,0,3,0.053,98.29,22.2552,4.5703,0.0,17.6849
fl_cnn_mnist_K3_c1_a0.9_r0,fl,cnn,mnist,3,1,0.9,0,4,0.0487,98.47,22.1552,4.6718,0.0,17.4835
fl_cnn_mnist_K3_c1_a0.9_r0,fl,cnn,mnist,3,1,0.9,0,5,0.0432,98.58,22.256,4.6997,0.0,17.5563
fl_cnn_mnist_K3_c1_a0.9_r0,fl,cnn,mnist,3,1,0.9,0,6,0.0377,98.83,29.3946,11.4001,0.0,17.9945
fl_cnn_mnist_K3_c1_a0.9_r0,fl,cnn,mnist,3,1,0.9,0,7,0.0329,98.92,22.457,4.6356,0.0,17.8214
fl_cnn_mnist_K3_c1_a0.9_r0,fl,cnn,mnist,3,1,0.9,0,8,0.0331,98.94,22.3571,4.7175,0.0,17.6395
fl_cnn_mnist_K3_c1_a0.9_r0,fl,cnn,mnist,3,1,0.9,0,9,0.0298,99.03,22.4579,4.7603,0.0,17.6975
fl_cnn_mnist_K3_c1_a0.9_r0,fl,cnn,mnist,3,1,0.9,0,10,0.028,99.11,22.3572,4.6752,0.0,17.682
sfl_cnn_mnist_K3_c1_a0.9_r0,sfl,cnn,mnist,3,1,0.9,0,1,2.2675,52.91,121.3346,107.0992,0.0,32.6215
sfl_cnn_mnist_K3_c1_a0.9_r0,sfl,cnn,mnist,3,1,0.9,0,2,2.9389,55.99,117.6246,105.3398,0.0,30.8035
sfl_cnn_mnist_K3_c1_a0.9_r0,sfl,cnn,mnist,3,1,0.9,0,3,2.278,59.75,118.7419,106.5098,0.0,31.0756
sfl_cnn_mnist_K3_c1_a0.9_r0,sfl,cnn,mnist,3,1,0.9,0,4,2.3566,56.87,118.4848,106.1088,0.0,31.4767
sfl_cnn_mnist_K3_c1_a0.9_r0,sfl,cnn,mnist,3,1,0.9,0,5,1.8046,64.4,118.4319,106.2125,0.0,31.477
sfl_cnn_mnist_K3_c1_a0.9_r0,sfl,cnn,mnist,3,1,0.9,0,6,1.0734,74.86,121.3783,107.5499,0.0,32.7608
sfl_cnn_mnist_K3_c1_a0.9_r0,sfl,cnn,mnist,3,1,0.9,0,7,0.5108,83.97,117.9832,105.9489,0.0,31.2351
sfl_cnn_mnist_K3_c1_a0.9_r0,sfl,cnn,mnist,3,1,0.9,0,8,0.2923,90.88,116.7659,105.0128,0.0,31.0552
sfl_cnn_mnist_K3_c1_a0.9_r0,sfl,cnn,mnist,3,1,0.9,0,9,0.1838,93.99,117.5892,106.1077,0.0,30.9212
sfl_cnn_mnist_K3_c1_a0.9_r0,sfl,cnn,mnist,3,1,0.9,0,10,0.1451,95.17,114.9685,103.3713,0.0,30.8221
sfl_cnn_mnist_K3_c1_a0.1_r0,sfl,cnn,mnist,3,1,0.1,0,1,0.9532,69.18,127.9522,114.5332,0.0,33.7358
sfl_cnn_mnist_K3_c1_a0.1_r0,sfl,cnn,mnist,3,1,0.1,0,2,0.5671,81.34,125.3375,113.4038,0.0,32.4097
sfl_cnn_mnist_K3_c1_a0.1_r0,sfl,cnn,mnist,3,1,0.1,0,3,0.4048,87.5,125.1964,113.3803,0.0,32.2776
sfl_cnn_mnist_K3_c1_a0.1_r0,sfl,cnn,mnist,3,1,0.1,0,4,0.3353,89.32,123.9889,112.5799,0.0,32.1321
sfl_cnn_mnist_K3_c1_a0.1_r0,sfl,cnn,mnist,3,1,0.1,0,5,0.2512,91.92,124.8769,113.1345,0.0,32.3876
sfl_cnn_mnist_K3_c1_a0.1_r0,sfl,cnn,mnist,3,1,0.1,0,6,0.2138,93.24,127.9491,114.8051,0.0,33.1011
sfl_cnn_mnist_K3_c1_a0.1_r0,sfl,cnn,mnist,3,1,0.1,0,7,0.1652,94.74,124.4866,112.6432,0.0,32.1646
sfl_cnn_mnist_K3_c1_a0.1_r0,sfl,cnn,mnist,3,1,0.1,0,8,0.1627,94.84,124.4977,112.6179,0.0,32.0591
sfl_cnn_mnist_K3_c1_a0.1_r0,sfl,cnn,mnist,3,1,0.1,0,9,0.1354,95.57,122.9974,111.3079,0.0,32.3352
sfl_cnn_mnist_K3_c1_a0.1_r0,sfl,cnn,mnist,3,1,0.1,0,10,0.1245,95.93,125.039,113.5004,0.0,32.1273
fl_cnn_cifar10_K3_c1_a0.1_r0,fl,cnn,cifar10,3,1,0.1,0,1,1.847,39.76,39.4235,12.7077,0.0,26.7158
fl_cnn_cifar10_K3_c1_a0.1_r0,fl,cnn,cifar10,3,1,0.1,0,2,1.4938,49.93,32.0796,5.5189,0.0,26.5607
fl_cnn_cifar10_K3_c1_a0.1_r0,fl,cnn,cifar10,3,1,0.1,0,3,1.34,54.44,31.878,5.4294,0.0,26.4487
fl_cnn_cifar10_K3_c1_a0.1_r0,fl,cnn,cifar10,3,1,0.1,0,4,1.2211,57.03,31.6784,5.4255,0.0,26.2529
fl_cnn_cifar10_K3_c1_a0.1_r0,fl,cnn,cifar10,3,1,0.1,0,5,1.1954,58.95,31.7755,5.4479,0.0,26.3276
fl_cnn_cifar10_K3_c1_a0.1_r0,fl,cnn,cifar10,3,1,0.1,0,6,1.1365,60.11,39.4125,13.3097,0.0,26.1028
fl_cnn_cifar10_K3_c1_a0.1_r0,fl,cnn,cifar10,3,1,0.1,0,7,1.1133,62.35,31.3737,5.3956,0.0,25.978
fl_cnn_cifar10_K3_c1_a0.1_r0,fl,cnn,cifar10,3,1,0.1,0,8,1.0423,64.22,31.5782,5.4393,0.0,26.1389
fl_cnn_cifar10_K3_c1_a0.1_r0,fl,cnn,cifar10,3,1,0.1,0,9,1.0277,65.4,31.5763,5.3491,0.0,26.2272
fl_cnn_cifar10_K3_c1_a0.1_r0,fl,cnn,cifar10,3,1,0.1,0,10,0.995,67.06,31.1734,5.2982,0.0,25.8752
sl_cnn_cifar10_K5_c1_a1.0_r0,sl,cnn,cifar10,5,1,1.0,0,1,1.8677,33.7,71.3028,59.9718,0.0,22.0165
sl_cnn_cifar10_K5_c1_a1.0_r0,sl,cnn,cifar10,5,1,1.0,0,2,1.6544,40.43,69.8574,58.7119,0.0,21.0424
sl_cnn_cifar10_K5_c1_a1.0_r0,sl,cnn,cifar10,5,1,1.0,0,3,1.544,43.67,70.0846,58.8214,0.0,21.2249
sl_cnn_cifar10_K5_c1_a1.0_r0,sl,cnn,cifar10,5,1,1.0,0,4,1.4825,45.94,69.0807,58.214,0.0,20.8594
sl_cnn_cifar10_K5_c1_a1.0_r0,sl,cnn,cifar10,5,1,1.0,0,5,1.4517,47.3,70.2676,59.1256,0.0,21.0736
sl_cnn_cifar10_K5_c1_a1.0_r0,sl,cnn,cifar10,5,1,1.0,0,6,1.419,48.43,71.4579,60.1458,0.0,21.8909
sl_cnn_cifar10_K5_c1_a1.0_r0,sl,cnn,cifar10,5,1,1.0,0,7,1.3921,49.36,71.197,59.8263,0.0,21.275
sl_cnn_cifar10_K5_c1_a1.0_r0,sl,cnn,cifar10,5,1,1.0,0,8,1.3512,51.03,70.9217,59.4449,0.0,21.3557
sl_cnn_cifar10_K5_c1_a1.0_r0,sl,cnn,cifar10,5,1,1.0,0,9,1.3204,52.32,71.0466,59.8047,0.0,21.0897
sl_cnn_cifar10_K5_c1_a1.0_r0,sl,cnn,cifar10,5,1,1.0,0,10,1.2984,53.3,71.7357,60.2514,0.0,21.5712
sl_cnn_cifar10_K3_c1_a0.9_r0,sl,cnn,cifar10,3,1,0.9,0,1,2.11,27.77,108.1258,96.7617,0.0,30.4025
sl_cnn_cifar10_K3_c1_a0.9_r0,sl,cnn,cifar10,3,1,0.9,0,2,1.9326,34.89,108.4105,96.6542,0.0,29.5586
sl_cnn_cifar10_K3_c1_a0.9_r0,sl,cnn,cifar10,3,1,0.9,0,3,1.8524,37.68,106.7124,94.8611,0.0,29.695
sl_cnn_cifar10_K3_c1_a0.9_r0,sl,cnn,cifar10,3,1,0.9,0,4,1.7904,40.04,107.5951,95.7323,0.0,29.9529
sl_cnn_cifar10_K3_c1_a0.9_r0,sl,cnn,cifar10,3,1,0.9,0,5,1.7362,41.97,107.2227,95.3536,0.0,30.0441
sl_cnn_cifar10_K3_c1_a0.9_r0,sl,cnn,cifar10,3,1,0.9,0,6,1.6268,44.34,108.1552,96.7972,0.0,30.115
sl_cnn_cifar10_K3_c1_a0.9_r0,sl,cnn,cifar10,3,1,0.9,0,7,1.6029,45.71,107.8597,95.8667,0.0,30.2047
sl_cnn_cifar10_K3_c1_a0.9_r0,sl,cnn,cifar10,3,1,0.9,0,8,1.5681,47.24,108.8285,97.1846,0.0,29.9886
sl_cnn_cifar10_K3_c1_a0.9_r0,sl,cnn,cifar10,3,1,0.9,0,9,1.5276,48.67,106.8827,95.3734,0.0,29.6325
sl_cnn_cifar10_K3_c1_a0.9_r0,sl,cnn,cifar10,3,1,0.9,0,10,1.4961,49.84,107.9074,96.0875,0.0,30.2096
sl_cnn_cifar10_K10_c1_a0.5_r0,sl,cnn,cifar10,10,1,0.5,0,1,2.2697,19.87,64.5921,53.246,0.0,19.7969
sl_cnn_cifar10_K10_c1_a0.5_r0,sl,cnn,cifar10,10,1,0.5,0,2,2.0254,29.24,63.4755,52.1987,0.0,19.0029
sl_cnn_cifar10_K10_c1_a0.5_r0,sl,cnn,cifar10,10,1,0.5,0,3,1.9155,33.68,63.7989,52.5781,0.0,19.0165
sl_cnn_cifar10_K10_c1_a0.5_r0,sl,cnn,cifar10,10,1,0.5,0,4,1.866,35.41,62.875,51.6155,0.0,19.0018
sl_cnn_cifar10_K10_c1_a0.5_r0,sl,cnn,cifar10,10,1,0.5,0,5,1.834,36.78,63.9161,52.7158,0.0,19.1318
sl_cnn_cifar10_K10_c1_a0.5_r0,sl,cnn,cifar10,10,1,0.5,0,6,1.7375,39.18,64.8707,53.531,0.0,19.9978
sl_cnn_cifar10_K10_c1_a0.5_r0,sl,cnn,cifar10,10,1,0.5,0,7,1.7334,39.75,63.0774,51.9963,0.0,18.9437
sl_cnn_cifar10_K10_c1_a0.5_r0,sl,cnn,cifar10,10,1,0.5,0,8,1.7207,40.8,63.9696,52.4541,0.0,19.3916
sl_cnn_cifar10_K10_c1_a0.5_r0,sl,cnn,cifar10,10,1,0.5,0,9,1.7017,42.1,63.3102,52.0315,0.0,19.2664
sl_cnn_cifar10_K10_c1_a0.5_r0,sl,cnn,cifar10,10,1,0.5,0,10,1.6769,43.29,62.192,51.2639,0.0,18.8786
sl_cnn_cifar10_K10_c1_a0.9_r0,sl,cnn,cifar10,10,1,0.9,0,1,2.1638,23.81,61.8049,50.6122,0.0,19.4298
sl_cnn_cifar10_K10_c1_a0.9_r0,sl,cnn,cifar10,10,1,0.9,0,2,1.8577,34.29,61.8267,50.6555,0.0,18.536
sl_cnn_cifar10_K10_c1_a0.9_r0,sl,cnn,cifar10,10,1,0.9,0,3,1.809,36.72,62.4359,51.0532,0.0,18.8819
sl_cnn_cifar10_K10_c1_a0.9_r0,sl,cnn,cifar10,10,1,0.9,0,4,1.7632,38.5,61.3834,49.9997,0.0,18.8729
sl_cnn_cifar10_K10_c1_a0.9_r0,sl,cnn,cifar10,10,1,0.9,0,5,1.7299,40.01,62.4781,51.1429,0.0,18.7735
sl_cnn_cifar10_K10_c1_a0.9_r0,sl,cnn,cifar10,10,1,0.9,0,6,1.6489,42.66,62.0592,50.6539,0.0,19.6658
sl_cnn_cifar10_K10_c1_a0.9_r0,sl,cnn,cifar10,10,1,0.9,0,7,1.6349,43.69,62.4202,51.0618,0.0,18.8937
sl_cnn_cifar10_K10_c1_a0.9_r0,sl,cnn,cifar10,10,1,0.9,0,8,1.6067,45.03,61.6602,50.4532,0.0,18.6776
sl_cnn_cifar10_K10_c1_a0.9_r0,sl,cnn,cifar10,10,1,0.9,0,9,1.5783,46.19,61.5034,50.127,0.0,18.8836
sl_cnn_cifar10_K10_c1_a0.9_r0,sl,cnn,cifar10,10,1,0.9,0,10,1.5424,47.5,61.6147,50.2925,0.0,18.8253
sl_cnn_cifar10_K5_c1_a0.5_r0,sl,cnn,cifar10,5,1,0.5,0,1,2.3341,23.63,76.4189,64.6289,0.0,23.7497
sl_cnn_cifar10_K5_c1_a0.5_r0,sl,cnn,cifar10,5,1,0.5,0,2,2.2223,28.85,74.3478,63.0416,0.0,22.24
sl_cnn_cifar10_K5_c1_a0.5_r0,sl,cnn,cifar10,5,1,0.5,0,3,2.1939,31.78,75.2778,63.6897,0.0,22.537
sl_cnn_cifar10_K5_c1_a0.5_r0,sl,cnn,cifar10,5,1,0.5,0,4,2.1662,33.79,74.7932,63.2727,0.0,22.4979
sl_cnn_cifar10_K5_c1_a0.5_r0,sl,cnn,cifar10,5,1,0.5,0,5,2.1747,35.1,74.5094,63.0002,0.0,22.6485
sl_cnn_cifar10_K5_c1_a0.5_r0,sl,cnn,cifar10,5,1,0.5,0,6,2.0474,37.01,75.07,63.5765,0.0,23.5388
sl_cnn_cifar10_K5_c1_a0.5_r0,sl,cnn,cifar10,5,1,0.5,0,7,2.0813,37.97,75.6258,63.7199,0.0,23.1218
sl_cnn_cifar10_K5_c1_a0.5_r0,sl,cnn,cifar10,5,1,0.5,0,8,2.0417,39.46,75.0413,63.3752,0.0,22.9006
sl_cnn_cifar10_K5_c1_a0.5_r0,sl,cnn,cifar10,5,1,0.5,0,9,1.9965,40.73,73.4456,62.1242,0.0,22.3444
sl_cnn_cifar10_K5_c1_a0.5_r0,sl,cnn,cifar10,5,1,0.5,0,10,1.9594,41.91,73.9867,62.6672,0.0,22.2865
sfl_cnn_cifar10_K10_c1_a0.5_r0,sfl,cnn,cifar10,10,1,0.5,0,1,2.2232,20.86,65.36,53.8569,0.0,20.1239
sfl_cnn_cifar10_K10_c1_a0.5_r0,sfl,cnn,cifar10,10,1,0.5,0,2,1.8582,31.15,65.0582,53.6537,0.0,19.2029
sfl_cnn_cifar10_K10_c1_a0.5_r0,sfl,cnn,cifar10,10,1,0.5,0,3,1.7031,37.17,64.3085,52.9686,0.0,19.1717
sfl_cnn_cifar10_K10_c1_a0.5_r0,sfl,cnn,cifar10,10,1,0.5,0,4,1.577,41.95,65.1485,53.5648,0.0,19.5943
sfl_cnn_cifar10_K10_c1_a0.5_r0,sfl,cnn,cifar10,10,1,0.5,0,5,1.5036,45.34,64.2017,53.0081,0.0,19.0304
sfl_cnn_cifar10_K10_c1_a0.5_r0,sfl,cnn,cifar10,10,1,0.5,0,6,1.4406,47.15,63.7361,52.4859,0.0,19.8731
sfl_cnn_cifar10_K10_c1_a0.5_r0,sfl,cnn,cifar10,10,1,0.5,0,7,1.402,48.94,64.1267,52.5457,0.0,19.6117
sfl_cnn_cifar10_K10_c1_a0.5_r0,sfl,cnn,cifar10,10,1,0.5,0,8,1.3521,51.5,64.5382,53.0071,0.0,19.3621
sfl_cnn_cifar10_K10_c1_a0.5_r0,sfl,cnn,cifar10,10,1,0.5,0,9,1.3161,52.46,64.8861,53.3139,0.0,19.4652
sfl_cnn_cifar10_K10_c1_a0.5_r0,sfl,cnn,cifar10,10,1,0.5,0,10,1.2877,53.47,64.1382,52.7888,0.0,19.2416
sfl_cnn_cifar10_K5_c1_a0.9_r0,sfl,cnn,cifar10,5,1,0.9,0,1,2.0244,31.35,89.5236,77.8316,0.0,26.1862
sfl_cnn_cifar10_K5_c1_a0.9_r0,sfl,cnn,cifar10,5,1,0.9,0,2,1.7893,38.41,89.073,77.3426,0.0,25.374
sfl_cnn_cifar10_K5_c1_a0.9_r0,sfl,cnn,cifar10,5,1,0.9,0,3,1.6452,43.06,87.642,76.2122,0.0,24.9716
sfl_cnn_cifar10_K5_c1_a0.9_r0,sfl,cnn,cifar10,5,1,0.9,0,4,1.5412,46.55,87.5352,76.1569,0.0,25.2537
sfl_cnn_cifar10_K5_c1_a0.9_r0,sfl,cnn,cifar10,5,1,0.9,0,5,1.4453,49.21,88.0376,76.5419,0.0,25.0571
sfl_cnn_cifar10_K5_c1_a0.9_r0,sfl,cnn,cifar10,5,1,0.9,0,6,1.3841,51.29,89.0401,77.1787,0.0,26.451
sfl_cnn_cifar10_K5_c1_a0.9_r0,sfl,cnn,cifar10,5,1,0.9,0,7,1.3607,53.06,87.3877,76.0975,0.0,24.8098
sfl_cnn_cifar10_K5_c1_a0.9_r0,sfl,cnn,cifar10,5,1,0.9,0,8,1.324,53.94,87.2838,76.0142,0.0,25.0707
sfl_cnn_cifar10_K5_c1_a0.9_r0,sfl,cnn,cifar10,5,1,0.9,0,9,1.2995,55.11,88.9393,77.1457,0.0,25.5945
sfl_cnn_cifar10_K5_c1_a0.9_r0,sfl,cnn,cifar10,5,1,0.9,0,10,1.251,56.26,87.8161,76.3099,0.0,25.3066
fl_cnn_cifar10_K5_c1_a0.1_r0,fl,cnn,cifar10,5,1,0.1,0,1,5.3931,27.35,67.7559,56.6475,0.0,11.1085
fl_cnn_cifar10_K5_c1_a0.1_r0,fl,cnn,cifar10,5,1,0.1,0,2,2.0618,23.21,27.1699,15.8211,0.0,11.3488
fl_cnn_cifar10_K5_c1_a0.1_r0,fl,cnn,cifar10,5,1,0.1,0,3,1.6909,40.61,27.1796,16.0234,0.0,11.1562
fl_cnn_cifar10_K5_c1_a0.1_r0,fl,cnn,cifar10,5,1,0.1,0,4,1.4914,46.66,27.0755,15.94,0.0,11.1355
fl_cnn_cifar10_K5_c1_a0.1_r0,fl,cnn,cifar10,5,1,0.1,0,5,1.3879,49.49,27.2772,16.0557,0.0,11.2215
fl_cnn_cifar10_K5_c1_a0.1_r0,fl,cnn,cifar10,5,1,0.1,0,6,1.3043,53.24,35.1955,23.958,0.0,11.2375
fl_cnn_cifar10_K5_c1_a0.1_r0,fl,cnn,cifar10,5,1,0.1,0,7,1.3002,52.68,27.0718,15.8656,0.0,11.2063
fl_cnn_cifar10_K5_c1_a0.1_r0,fl,cnn,cifar10,5,1,0.1,0,8,1.2138,56.34,26.9778,15.8523,0.0,11.1254
fl_cnn_cifar10_K5_c1_a0.1_r0,fl,cnn,cifar10,5,1,0.1,0,9,1.1847,57.29,27.2713,16.0632,0.0,11.2081
fl_cnn_cifar10_K5_c1_a0.1_r0,fl,cnn,cifar10,5,1,0.1,0,10,1.1532,58.9,27.0731,16.0093,0.0,11.0638
sl_cnn_cifar10_K5_c1_a0.1_r0,sl,cnn,cifar10,5,1,0.1,0,1,3.9417,18.44,77.5291,65.8797,0.0,23.9832
sl_cnn_cifar10_K5_c1_a0.1_r0,sl,cnn,cifar10,5,1,0.1,0,2,4.5743,19.85,76.7502,64.8146,0.0,23.5473
sl_cnn_cifar10_K5_c1_a0.1_r0,sl,cnn,cifar10,5,1,0.1,0,3,4.444,21.9,76.4503,64.6637,0.0,23.3482
sl_cnn_cifar10_K5_c1_a0.1_r0,sl,cnn,cifar10,5,1,0.1,0,4,4.3922,23.68,75.5553,63.9629,0.0,23.0785
sl_cnn_cifar10_K5_c1_a0.1_r0,sl,cnn,cifar10,5,1,0.1,0,5,4.3407,24.64,75.9308,64.3528,0.0,23.2261
sl_cnn_cifar10_K5_c1_a0.1_r0,sl,cnn,cifar10,5,1,0.1,0,6,4.0043,25.89,76.7956,65.1815,0.0,23.9815
sl_cnn_cifar10_K5_c1_a0.1_r0,sl,cnn,cifar10,5,1,0.1,0,7,4.1532,26.69,75.7452,64.3628,0.0,22.9225
sl_cnn_cifar10_K5_c1_a0.1_r0,sl,cnn,cifar10,5,1,0.1,0,8,4.23,27.24,74.6186,63.2966,0.0,22.8117
sl_cnn_cifar10_K5_c1_a0.1_r0,sl,cnn,cifar10,5,1,0.1,0,9,4.2601,27.83,75.5201,64.0777,0.0,22.984
sl_cnn_cifar10_K5_c1_a0.1_r0,sl,cnn,cifar10,5,1,0.1,0,10,4.286,28.35,75.8519,64.4407,0.0,22.8611
fl_cnn_cifar10_K10_c1_a1.0_r0,fl,cnn,cifar10,10,1,1.0,0,1,1.8114,35.52,40.1605,35.1512,0.0,5.0094
fl_cnn_cifar10_K10_c1_a1.0_r0,fl,cnn,cifar10,10,1,1.0,0,2,1.5437,45.28,31.6146,26.6409,0.0,4.9737
fl_cnn_cifar10_K10_c1_a1.0_r0,fl,cnn,cifar10,10,1,1.0,0,3,1.3974,49.92,31.4428,26.5243,0.0,4.9185
fl_cnn_cifar10_K10_c1_a1.0_r0,fl,cnn,cifar10,10,1,1.0,0,4,1.3154,52.48,31.4554,26.5211,0.0,4.9343
fl_cnn_cifar10_K10_c1_a1.0_r0,fl,cnn,cifar10,10,1,1.0,0,5,1.2452,55.7,31.202,26.2309,0.0,4.9711
fl_cnn_cifar10_K10_c1_a1.0_r0,fl,cnn,cifar10,10,1,1.0,0,6,1.1838,57.85,38.9549,34.0413,0.0,4.9136
fl_cnn_cifar10_K10_c1_a1.0_r0,fl,cnn,cifar10,10,1,1.0,0,7,1.1252,60.26,31.0812,26.1885,0.0,4.8928
fl_cnn_cifar10_K10_c1_a1.0_r0,fl,cnn,cifar10,10,1,1.0,0,8,1.09,61.93,31.1654,26.2414,0.0,4.924
fl_cnn_cifar10_K10_c1_a1.0_r0,fl,cnn,cifar10,10,1,1.0,0,9,1.0566,62.59,30.886,26.0558,0.0,4.8302
fl_cnn_cifar10_K10_c1_a1.0_r0,fl,cnn,cifar10,10,1,1.0,0,10,1.0268,64.24,30.9734,26.0417,0.0,4.9316
sl_cnn_cifar10_K10_c1_a1.0_r0,sl,cnn,cifar10,10,1,1.0,0,1,1.9002,31.45,50.6544,39.4154,0.0,16.7361
sl_cnn_cifar10_K10_c1_a1.0_r0,sl,cnn,cifar10,10,1,1.0,0,2,1.7008,38.19,52.1142,40.725,0.0,16.1451
sl_cnn_cifar10_K10_c1_a1.0_r0,sl,cnn,cifar10,10,1,1.0,0,3,1.6154,41.91,51.122,39.9321,0.0,15.8912
sl_cnn_cifar10_K10_c1_a1.0_r0,sl,cnn,cifar10,10,1,1.0,0,4,1.5806,44.03,50.6442,39.3112,0.0,16.1974
sl_cnn_cifar10_K10_c1_a1.0_r0,sl,cnn,cifar10,10,1,1.0,0,5,1.542,46.09,51.6393,40.2893,0.0,16.0604
sl_cnn_cifar10_K10_c1_a1.0_r0,sl,cnn,cifar10,10,1,1.0,0,6,1.4858,48.05,51.3326,40.0237,0.0,16.8692
sl_cnn_cifar10_K10_c1_a1.0_r0,sl,cnn,cifar10,10,1,1.0,0,7,1.4874,48.52,50.4751,39.3043,0.0,16.0023
sl_cnn_cifar10_K10_c1_a1.0_r0,sl,cnn,cifar10,10,1,1.0,0,8,1.4512,49.8,51.008,39.5993,0.0,16.2517
sl_cnn_cifar10_K10_c1_a1.0_r0,sl,cnn,cifar10,10,1,1.0,0,9,1.4444,50.38,51.3721,40.1612,0.0,16.0452
sl_cnn_cifar10_K10_c1_a1.0_r0,sl,cnn,cifar10,10,1,1.0,0,10,1.427,50.95,52.7675,41.5913,0.0,15.9348
fl_cnn_cifar10_K5_c1_a0.9_r0,fl,cnn,cifar10,5,1,0.9,0,1,1.7192,41.77,33.8967,19.4672,0.0,14.4294
fl_cnn_cifar10_K5_c1_a0.9_r0,fl,cnn,cifar10,5,1,0.9,0,2,1.4064,49.15,25.468,11.1564,0.0,14.3116
fl_cnn_cifar10_K5_c1_a0.9_r0,fl,cnn,cifar10,5,1,0.9,0,3,1.2463,55.15,25.2668,11.1678,0.0,14.0991
fl_cnn_cifar10_K5_c1_a0.9_r0,fl,cnn,cifar10,5,1,0.9,0,4,1.1411,59.46,25.1637,10.9756,0.0,14.1881
fl_cnn_cifar10_K5_c1_a0.9_r0,fl,cnn,cifar10,5,1,0.9,0,5,1.0768,61.7,25.1773,11.1204,0.0,14.0569
fl_cnn_cifar10_K5_c1_a0.9_r0,fl,cnn,cifar10,5,1,0.9,0,6,1.0512,62.98,32.8126,18.8735,0.0,13.9391
fl_cnn_cifar10_K5_c1_a0.9_r0,fl,cnn,cifar10,5,1,0.9,0,7,1.0099,64.67,24.9703,10.9876,0.0,13.9828
fl_cnn_cifar10_K5_c1_a0.9_r0,fl,cnn,cifar10,5,1,0.9,0,8,0.9887,65.73,24.6693,10.6684,0.0,14.0009
fl_cnn_cifar10_K5_c1_a0.9_r0,fl,cnn,cifar10,5,1,0.9,0,9,0.9302,68.02,24.965,10.9649,0.0,14.0
fl_cnn_cifar10_K5_c1_a0.9_r0,fl,cnn,cifar10,5,1,0.9,0,10,0.938,67.45,24.8685,11.0195,0.0,13.8489
fl_cnn_cifar10_K3_c1_a0.5_r0,fl,cnn,cifar10,3,1,0.5,0,1,1.5735,42.57,32.7671,13.5207,0.0,19.2464
fl_cnn_cifar10_K3_c1_a0.5_r0,fl,cnn,cifar10,3,1,0.5,0,2,1.2449,55.78,24.6595,5.6326,0.0,19.0269
fl_cnn_cifar10_K3_c1_a0.5_r0,fl,cnn,cifar10,3,1,0.5,0,3,1.1008,61.36,24.5601,5.5563,0.0,19.0038
fl_cnn_cifar10_K3_c1_a0.5_r0,fl,cnn,cifar10,3,1,0.5,0,4,1.0103,64.98,24.1595,5.4434,0.0,18.7161
fl_cnn_cifar10_K3_c1_a0.5_r0,fl,cnn,cifar10,3,1,0.5,0,5,0.9576,67.31,24.3606,5.3856,0.0,18.9751
fl_cnn_cifar10_K3_c1_a0.5_r0,fl,cnn,cifar10,3,1,0.5,0,6,0.9327,67.64,32.0752,13.2997,0.0,18.7755
fl_cnn_cifar10_K3_c1_a0.5_r0,fl,cnn,cifar10,3,1,0.5,0,7,0.8808,69.83,24.366,5.4404,0.0,18.9255
fl_cnn_cifar10_K3_c1_a0.5_r0,fl,cnn,cifar10,3,1,0.5,0,8,0.8557,70.63,24.1642,5.4349,0.0,18.7293
fl_cnn_cifar10_K3_c1_a0.5_r0,fl,cnn,cifar10,3,1,0.5,0,9,0.841,71.15,24.0613,5.3638,0.0,18.6975
fl_cnn_cifar10_K3_c1_a0.5_r0,fl,cnn,cifar10,3,1,0.5,0,10,0.8155,71.85,24.2622,5.3466,0.0,18.9156
fl_cnn_cifar10_K10_c1_a0.1_r0,fl,cnn,cifar10,10,1,0.1,0,1,2.178,20.51,39.0423,31.2794,0.0,7.7629
fl_cnn_cifar10_K10_c1_a0.1_r0,fl,cnn,cifar10,10,1,0.1,0,2,1.9914,21.43,31.247,23.4351,0.0,7.8119
fl_cnn_cifar10_K10_c1_a0.1_r0,fl,cnn,cifar10,10,1,0.1,0,3,1.7894,29.7,30.9975,23.2339,0.0,7.7636
fl_cnn_cifar10_K10_c1_a0.1_r0,fl,cnn,cifar10,10,1,0.1,0,4,1.6936,32.31,30.9702,23.1233,0.0,7.847
fl_cnn_cifar10_K10_c1_a0.1_r0,fl,cnn,cifar10,10,1,0.1,0,5,1.5599,41.02,30.7733,23.0211,0.0,7.7522
fl_cnn_cifar10_K10_c1_a0.1_r0,fl,cnn,cifar10,10,1,0.1,0,6,1.5403,40.65,38.3502,30.6628,0.0,7.6874
fl_cnn_cifar10_K10_c1_a0.1_r0,fl,cnn,cifar10,10,1,0.1,0,7,1.4276,46.55,30.265,22.687,0.0,7.578
fl_cnn_cifar10_K10_c1_a0.1_r0,fl,cnn,cifar10,10,1,0.1,0,8,1.4042,46.86,30.1625,22.5642,0.0,7.5983
fl_cnn_cifar10_K10_c1_a0.1_r0,fl,cnn,cifar10,10,1,0.1,0,9,1.3592,49.54,30.3699,22.7652,0.0,7.6047
fl_cnn_cifar10_K10_c1_a0.1_r0,fl,cnn,cifar10,10,1,0.1,0,10,1.3502,49.6,30.0629,22.4514,0.0,7.6115
fl_cnn_cifar10_K5_c1_a0.5_r0,fl,cnn,cifar10,5,1,0.5,0,1,1.8071,39.83,36.1949,25.1239,0.0,11.0709
fl_cnn_cifar10_K5_c1_a0.5_r0,fl,cnn,cifar10,5,1,0.5,0,2,1.4475,47.41,27.771,16.8083,0.0,10.9627
fl_cnn_cifar10_K5_c1_a0.5_r0,fl,cnn,cifar10,5,1,0.5,0,3,1.2853,52.61,27.6734,16.6395,0.0,11.0339
fl_cnn_cifar10_K5_c1_a0.5_r0,fl,cnn,cifar10,5,1,0.5,0,4,1.2071,55.8,27.5734,16.7334,0.0,10.84
fl_cnn_cifar10_K5_c1_a0.5_r0,fl,cnn,cifar10,5,1,0.5,0,5,1.1267,59.58,27.2824,16.5119,0.0,10.7705
fl_cnn_cifar10_K5_c1_a0.5_r0,fl,cnn,cifar10,5,1,0.5,0,6,1.0743,62.12,34.9895,24.2048,0.0,10.7847
fl_cnn_cifar10_K5_c1_a0.5_r0,fl,cnn,cifar10,5,1,0.5,0,7,1.0418,63.37,26.9699,16.315,0.0,10.655
fl_cnn_cifar10_K5_c1_a0.5_r0,fl,cnn,cifar10,5,1,0.5,0,8,0.9852,65.93,26.9747,16.3786,0.0,10.5961
fl_cnn_cifar10_K5_c1_a0.5_r0,fl,cnn,cifar10,5,1,0.5,0,9,0.9616,66.36,27.0685,16.4209,0.0,10.6476
fl_cnn_cifar10_K5_c1_a0.5_r0,fl,cnn,cifar10,5,1,0.5,0,10,0.9485,66.59,27.176,16.4249,0.0,10.7511
sl_cnn_cifar10_K3_c1_a1.0_r0,sl,cnn,cifar10,3,1,1.0,0,1,1.8571,34.47,93.5032,81.5143,0.0,27.8998
sl_cnn_cifar10_K3_c1_a1.0_r0,sl,cnn,cifar10,3,1,1.0,0,2,1.6363,41.41,93.001,81.0794,0.0,26.9926
sl_cnn_cifar10_K3_c1_a1.0_r0,sl,cnn,cifar10,3,1,1.0,0,3,1.5157,45.39,93.0531,81.4905,0.0,26.7293
sl_cnn_cifar10_K3_c1_a1.0_r0,sl,cnn,cifar10,3,1,1.0,0,4,1.4304,48.69,93.0973,81.1344,0.0,27.1259
sl_cnn_cifar10_K3_c1_a1.0_r0,sl,cnn,cifar10,3,1,1.0,0,5,1.3688,50.76,94.066,81.9909,0.0,27.3426
sl_cnn_cifar10_K3_c1_a1.0_r0,sl,cnn,cifar10,3,1,1.0,0,6,1.3203,52.72,94.9744,83.0597,0.0,27.7092
sl_cnn_cifar10_K3_c1_a1.0_r0,sl,cnn,cifar10,3,1,1.0,0,7,1.2784,54.39,92.1449,80.3776,0.0,26.7712
sl_cnn_cifar10_K3_c1_a1.0_r0,sl,cnn,cifar10,3,1,1.0,0,8,1.2422,55.78,92.4816,80.6939,0.0,26.9579
sl_cnn_cifar10_K3_c1_a1.0_r0,sl,cnn,cifar10,3,1,1.0,0,9,1.2103,57.09,91.9518,80.1581,0.0,26.9063
sl_cnn_cifar10_K3_c1_a1.0_r0,sl,cnn,cifar10,3,1,1.0,0,10,1.1772,58.32,91.0381,79.2923,0.0,26.9322
sfl_cnn_cifar10_K3_c1_a0.1_r0,sfl,cnn,cifar10,3,1,0.1,0,1,2.7926,18.63,139.7414,127.3358,0.0,36.6638
sfl_cnn_cifar10_K3_c1_a0.1_r0,sfl,cnn,cifar10,3,1,0.1,0,2,2.1296,30.56,136.4359,124.3233,0.0,35.4745
sfl_cnn_cifar10_K3_c1_a0.1_r0,sfl,cnn,cifar10,3,1,0.1,0,3,2.0193,35.58,137.9852,125.9375,0.0,35.7874
sfl_cnn_cifar10_K3_c1_a0.1_r0,sfl,cnn,cifar10,3,1,0.1,0,4,2.167,37.61,136.8436,125.1548,0.0,35.5082
sfl_cnn_cifar10_K3_c1_a0.1_r0,sfl,cnn,cifar10,3,1,0.1,0,5,1.9621,38.55,137.3793,125.4604,0.0,35.9125
sfl_cnn_cifar10_K3_c1_a0.1_r0,sfl,cnn,cifar10,3,1,0.1,0,6,2.0118,40.29,138.5946,126.2944,0.0,36.8308
sfl_cnn_cifar10_K3_c1_a0.1_r0,sfl,cnn,cifar10,3,1,0.1,0,7,2.0284,39.22,138.6987,126.5746,0.0,35.9916
sfl_cnn_cifar10_K3_c1_a0.1_r0,sfl,cnn,cifar10,3,1,0.1,0,8,1.8918,42.35,138.2075,126.0305,0.0,35.8996
sfl_cnn_cifar10_K3_c1_a0.1_r0,sfl,cnn,cifar10,3,1,0.1,0,9,1.9004,42.0,138.3306,126.0379,0.0,36.2277
sfl_cnn_cifar10_K3_c1_a0.1_r0,sfl,cnn,cifar10,3,1,0.1,0,10,1.9383,41.88,138.6775,126.2251,0.0,36.5966
sfl_cnn_cifar10_K5_c1_a0.5_r0,sfl,cnn,cifar10,5,1,0.5,0,1,2.1145,24.95,76.4333,64.6705,0.0,23.6745
sfl_cnn_cifar10_K5_c1_a0.5_r0,sfl,cnn,cifar10,5,1,0.5,0,2,1.8411,32.72,76.3829,64.7025,0.0,22.7235
sfl_cnn_cifar10_K5_c1_a0.5_r0,sfl,cnn,cifar10,5,1,0.5,0,3,1.6434,39.02,73.9236,62.7759,0.0,22.167
sfl_cnn_cifar10_K5_c1_a0.5_r0,sfl,cnn,cifar10,5,1,0.5,0,4,1.5869,41.23,74.6144,63.1087,0.0,22.7928
sfl_cnn_cifar10_K5_c1_a0.5_r0,sfl,cnn,cifar10,5,1,0.5,0,5,1.5292,43.17,74.8725,63.3315,0.0,22.6051
sfl_cnn_cifar10_K5_c1_a0.5_r0,sfl,cnn,cifar10,5,1,0.5,0,6,1.4308,47.39,76.1029,64.3955,0.0,23.5787
sfl_cnn_cifar10_K5_c1_a0.5_r0,sfl,cnn,cifar10,5,1,0.5,0,7,1.4073,49.18,74.6346,63.2757,0.0,22.4325
sfl_cnn_cifar10_K5_c1_a0.5_r0,sfl,cnn,cifar10,5,1,0.5,0,8,1.3639,51.09,74.7624,63.4509,0.0,22.4156
sfl_cnn_cifar10_K5_c1_a0.5_r0,sfl,cnn,cifar10,5,1,0.5,0,9,1.3456,51.79,75.8771,64.2382,0.0,22.8048
sfl_cnn_cifar10_K5_c1_a0.5_r0,sfl,cnn,cifar10,5,1,0.5,0,10,1.2707,55.38,74.0939,62.7849,0.0,22.2338
fl_cnn_cifar10_K10_c1_a0.5_r0,fl,cnn,cifar10,10,1,0.5,0,1,1.9562,31.47,40.6399,32.4726,0.0,8.1673
fl_cnn_cifar10_K10_c1_a0.5_r0,fl,cnn,cifar10,10,1,0.5,0,2,1.589,43.21,32.7732,24.6221,0.0,8.1511
fl_cnn_cifar10_K10_c1_a0.5_r0,fl,cnn,cifar10,10,1,0.5,0,3,1.4186,49.39,33.3961,25.2075,0.0,8.1887
fl_cnn_cifar10_K10_c1_a0.5_r0,fl,cnn,cifar10,10,1,0.5,0,4,1.3124,53.15,32.27,24.1844,0.0,8.0856
fl_cnn_cifar10_K10_c1_a0.5_r0,fl,cnn,cifar10,10,1,0.5,0,5,1.2551,55.23,32.4772,24.2907,0.0,8.1864
fl_cnn_cifar10_K10_c1_a0.5_r0,fl,cnn,cifar10,10,1,0.5,0,6,1.1822,57.79,39.5376,31.595,0.0,7.9426
fl_cnn_cifar10_K10_c1_a0.5_r0,fl,cnn,cifar10,10,1,0.5,0,7,1.147,59.31,31.7123,23.6373,0.0,8.075
fl_cnn_cifar10_K10_c1_a0.5_r0,fl,cnn,cifar10,10,1,0.5,0,8,1.096,61.86,31.719,23.6875,0.0,8.0314
fl_cnn_cifar10_K10_c1_a0.5_r0,fl,cnn,cifar10,10,1,0.5,0,9,1.0746,61.86,29.7767,21.6388,0.0,8.138
fl_cnn_cifar10_K10_c1_a0.5_r0,fl,cnn,cifar10,10,1,0.5,0,10,1.0295,64.08,31.8697,23.767,0.0,8.1027
sl_cnn_cifar10_K3_c1_a0.1_r0,sl,cnn,cifar10,3,1,0.1,0,1,3.5079,20.51,138.2235,126.3626,0.0,36.0536
sl_cnn_cifar10_K3_c1_a0.1_r0,sl,cnn,cifar10,3,1,0.1,0,2,3.8654,27.44,136.5789,124.8953,0.0,35.0167
sl_cnn_cifar10_K3_c1_a0.1_r0,sl,cnn,cifar10,3,1,0.1,0,3,3.8412,30.36,136.81,124.9984,0.0,35.2879
sl_cnn_cifar10_K3_c1_a0.1_r0,sl,cnn,cifar10,3,1,0.1,0,4,3.8245,32.05,136.3261,124.756,0.0,35.3264
sl_cnn_cifar10_K3_c1_a0.1_r0,sl,cnn,cifar10,3,1,0.1,0,5,3.787,33.64,137.2293,125.2603,0.0,35.4513
sl_cnn_cifar10_K3_c1_a0.1_r0,sl,cnn,cifar10,3,1,0.1,0,6,3.4194,34.27,137.7783,125.4162,0.0,36.6058
sl_cnn_cifar10_K3_c1_a0.1_r0,sl,cnn,cifar10,3,1,0.1,0,7,3.5435,35.22,138.0484,125.9209,0.0,35.9627
sl_cnn_cifar10_K3_c1_a0.1_r0,sl,cnn,cifar10,3,1,0.1,0,8,3.5813,35.75,137.1311,125.3262,0.0,35.3929
sl_cnn_cifar10_K3_c1_a0.1_r0,sl,cnn,cifar10,3,1,0.1,0,9,3.5769,36.51,136.9811,124.8768,0.0,35.758
sl_cnn_cifar10_K3_c1_a0.1_r0,sl,cnn,cifar10,3,1,0.1,0,10,3.5778,37.15,136.9035,124.6955,0.0,35.9696
sfl_cnn_cifar10_K10_c1_a0.1_r0,sfl,cnn,cifar10,10,1,0.1,0,1,3.3758,12.41,63.1664,51.8381,0.0,19.7544
sfl_cnn_cifar10_K10_c1_a0.1_r0,sfl,cnn,cifar10,10,1,0.1,0,2,2.6047,25.82,61.8288,50.6938,0.0,18.71
sfl_cnn_cifar10_K10_c1_a0.1_r0,sfl,cnn,cifar10,10,1,0.1,0,3,2.3009,27.98,61.3024,50.1296,0.0,18.6505
sfl_cnn_cifar10_K10_c1_a0.1_r0,sfl,cnn,cifar10,10,1,0.1,0,4,2.1735,28.71,62.4407,51.2498,0.0,18.6894
sfl_cnn_cifar10_K10_c1_a0.1_r0,sfl,cnn,cifar10,10,1,0.1,0,5,2.0613,31.01,61.2821,50.2768,0.0,18.5559
sfl_cnn_cifar10_K10_c1_a0.1_r0,sfl,cnn,cifar10,10,1,0.1,0,6,1.8209,38.0,62.448,51.2428,0.0,19.4641
sfl_cnn_cifar10_K10_c1_a0.1_r0,sfl,cnn,cifar10,10,1,0.1,0,7,1.8925,36.64,60.9935,49.5121,0.0,18.8432
sfl_cnn_cifar10_K10_c1_a0.1_r0,sfl,cnn,cifar10,10,1,0.1,0,8,1.8434,37.64,60.9491,49.8153,0.0,18.6412
sfl_cnn_cifar10_K10_c1_a0.1_r0,sfl,cnn,cifar10,10,1,0.1,0,9,1.9968,35.23,60.3092,49.098,0.0,18.7465
sfl_cnn_cifar10_K10_c1_a0.1_r0,sfl,cnn,cifar10,10,1,0.1,0,10,1.8063,38.7,60.6853,49.4032,0.0,18.7499
sl_cnn_cifar10_K10_c1_a0.1_r0,sl,cnn,cifar10,10,1,0.1,0,1,3.6131,12.6,61.6573,50.2224,0.0,19.6272
sl_cnn_cifar10_K10_c1_a0.1_r0,sl,cnn,cifar10,10,1,0.1,0,2,3.8569,19.33,61.8634,50.384,0.0,19.1234
sl_cnn_cifar10_K10_c1_a0.1_r0,sl,cnn,cifar10,10,1,0.1,0,3,4.1101,20.47,60.9034,49.4987,0.0,18.8802
sl_cnn_cifar10_K10_c1_a0.1_r0,sl,cnn,cifar10,10,1,0.1,0,4,4.1439,21.97,60.4123,49.3372,0.0,18.5653
sl_cnn_cifar10_K10_c1_a0.1_r0,sl,cnn,cifar10,10,1,0.1,0,5,4.1249,23.06,60.4258,49.2068,0.0,18.7718
sl_cnn_cifar10_K10_c1_a0.1_r0,sl,cnn,cifar10,10,1,0.1,0,6,3.6207,23.78,62.2568,50.7909,0.0,19.6935
sl_cnn_cifar10_K10_c1_a0.1_r0,sl,cnn,cifar10,10,1,0.1,0,7,3.7443,24.38,59.8125,48.7564,0.0,18.5566
sl_cnn_cifar10_K10_c1_a0.1_r0,sl,cnn,cifar10,10,1,0.1,0,8,3.8377,24.37,60.6864,49.257,0.0,18.9437
sl_cnn_cifar10_K10_c1_a0.1_r0,sl,cnn,cifar10,10,1,0.1,0,9,3.8826,24.52,61.5517,50.1407,0.0,18.9514
sl_cnn_cifar10_K10_c1_a0.1_r0,sl,cnn,cifar10,10,1,0.1,0,10,3.9134,24.77,60.3399,48.9996,0.0,18.9925
sfl_cnn_cifar10_K3_c1_a0.9_r0,sfl,cnn,cifar10,3,1,0.9,0,1,2.0416,28.96,110.7379,98.8079,0.0,30.806
sfl_cnn_cifar10_K3_c1_a0.9_r0,sfl,cnn,cifar10,3,1,0.9,0,2,1.7038,38.32,107.1975,95.4335,0.0,29.7729
sfl_cnn_cifar10_K3_c1_a0.9_r0,sfl,cnn,cifar10,3,1,0.9,0,3,1.5192,45.11,106.43,94.932,0.0,29.6126
sfl_cnn_cifar10_K3_c1_a0.9_r0,sfl,cnn,cifar10,3,1,0.9,0,4,1.437,48.2,107.2888,95.567,0.0,29.9215
sfl_cnn_cifar10_K3_c1_a0.9_r0,sfl,cnn,cifar10,3,1,0.9,0,5,1.3627,51.12,108.5676,96.6222,0.0,30.064
sfl_cnn_cifar10_K3_c1_a0.9_r0,sfl,cnn,cifar10,3,1,0.9,0,6,1.3121,53.0,108.0141,96.3383,0.0,30.2759
sfl_cnn_cifar10_K3_c1_a0.9_r0,sfl,cnn,cifar10,3,1,0.9,0,7,1.2666,54.93,108.1716,96.5605,0.0,29.8192
sfl_cnn_cifar10_K3_c1_a0.9_r0,sfl,cnn,cifar10,3,1,0.9,0,8,1.2327,55.93,107.8108,96.2969,0.0,29.7495
sfl_cnn_cifar10_K3_c1_a0.9_r0,sfl,cnn,cifar10,3,1,0.9,0,9,1.1935,57.38,108.6116,96.9358,0.0,29.9303
sfl_cnn_cifar10_K3_c1_a0.9_r0,sfl,cnn,cifar10,3,1,0.9,0,10,1.1632,58.52,107.9039,96.1184,0.0,30.3656
sfl_cnn_cifar10_K3_c1_a1.0_r0,sfl,cnn,cifar10,3,1,1.0,0,1,1.8569,34.62,91.6139,80.203,0.0,26.944
sfl_cnn_cifar10_K3_c1_a1.0_r0,sfl,cnn,cifar10,3,1,1.0,0,2,1.6348,41.34,91.8819,80.2614,0.0,26.5706
sfl_cnn_cifar10_K3_c1_a1.0_r0,sfl,cnn,cifar10,3,1,1.0,0,3,1.5117,45.66,91.8787,80.3737,0.0,26.4236
sfl_cnn_cifar10_K3_c1_a1.0_r0,sfl,cnn,cifar10,3,1,1.0,0,4,1.4265,48.81,90.0028,78.332,0.0,26.8237
sfl_cnn_cifar10_K3_c1_a1.0_r0,sfl,cnn,cifar10,3,1,1.0,0,5,1.3648,51.02,92.0156,80.2062,0.0,26.7553
sfl_cnn_cifar10_K3_c1_a1.0_r0,sfl,cnn,cifar10,3,1,1.0,0,6,1.3134,52.77,93.1117,81.5937,0.0,27.2198
sfl_cnn_cifar10_K3_c1_a1.0_r0,sfl,cnn,cifar10,3,1,1.0,0,7,1.275,54.37,90.72,79.036,0.0,26.7076
sfl_cnn_cifar10_K3_c1_a1.0_r0,sfl,cnn,cifar10,3,1,1.0,0,8,1.2368,56.28,91.3872,79.9679,0.0,26.786
sfl_cnn_cifar10_K3_c1_a1.0_r0,sfl,cnn,cifar10,3,1,1.0,0,9,1.2065,57.27,90.5466,79.0963,0.0,26.5171
sfl_cnn_cifar10_K3_c1_a1.0_r0,sfl,cnn,cifar10,3,1,1.0,0,10,1.1736,58.39,89.2827,77.9935,0.0,26.2277
fl_cnn_cifar10_K3_c1_a1.0_r0,fl,cnn,cifar10,3,1,1.0,0,1,1.3825,50.3,29.9884,13.7204,0.0,16.2681
fl_cnn_cifar10_K3_c1_a1.0_r0,fl,cnn,cifar10,3,1,1.0,0,2,1.1771,58.43,22.1598,5.668,0.0,16.4918
fl_cnn_cifar10_K3_c1_a1.0_r0,fl,cnn,cifar10,3,1,1.0,0,3,1.0447,63.34,21.454,5.5081,0.0,15.9459
fl_cnn_cifar10_K3_c1_a1.0_r0,fl,cnn,cifar10,3,1,1.0,0,4,0.9637,66.72,21.2535,5.5164,0.0,15.7371
fl_cnn_cifar10_K3_c1_a1.0_r0,fl,cnn,cifar10,3,1,1.0,0,5,0.9253,67.69,21.0509,5.4156,0.0,15.6353
fl_cnn_cifar10_K3_c1_a1.0_r0,fl,cnn,cifar10,3,1,1.0,0,6,0.8664,70.12,29.2633,13.715,0.0,15.5483
fl_cnn_cifar10_K3_c1_a1.0_r0,fl,cnn,cifar10,3,1,1.0,0,7,0.8427,70.88,20.9566,5.4131,0.0,15.5434
fl_cnn_cifar10_K3_c1_a1.0_r0,fl,cnn,cifar10,3,1,1.0,0,8,0.8035,72.34,20.9536,5.3973,0.0,15.5563
fl_cnn_cifar10_K3_c1_a1.0_r0,fl,cnn,cifar10,3,1,1.0,0,9,0.7832,73.35,20.9537,5.2755,0.0,15.6782
fl_cnn_cifar10_K3_c1_a1.0_r0,fl,cnn,cifar10,3,1,1.0,0,10,0.778,73.56,20.8552,5.4137,0.0,15.4415
sfl_cnn_cifar10_K3_c1_a0.5_r0,sfl,cnn,cifar10,3,1,0.5,0,1,2.0577,30.69,104.8421,92.9489,0.0,30.0353
sfl_cnn_cifar10_K3_c1_a0.5_r0,sfl,cnn,cifar10,3,1,0.5,0,2,1.714,37.63,105.72,93.8679,0.0,29.2413
sfl_cnn_cifar10_K3_c1_a0.5_r0,sfl,cnn,cifar10,3,1,0.5,0,3,1.5794,42.08,106.092,94.2841,0.0,29.4807
sfl_cnn_cifar10_K3_c1_a0.5_r0,sfl,cnn,cifar10,3,1,0.5,0,4,1.456,47.43,105.725,93.8848,0.0,29.3074
sfl_cnn_cifar10_K3_c1_a0.5_r0,sfl,cnn,cifar10,3,1,0.5,0,5,1.394,49.95,103.4319,91.9981,0.0,28.8172
sfl_cnn_cifar10_K3_c1_a0.5_r0,sfl,cnn,cifar10,3,1,0.5,0,6,1.368,50.58,105.5223,93.8531,0.0,29.7822
sfl_cnn_cifar10_K3_c1_a0.5_r0,sfl,cnn,cifar10,3,1,0.5,0,7,1.3719,50.89,104.8108,92.9566,0.0,29.4764
sfl_cnn_cifar10_K3_c1_a0.5_r0,sfl,cnn,cifar10,3,1,0.5,0,8,1.3482,51.98,104.1262,92.4,0.0,29.1142
sfl_cnn_cifar10_K3_c1_a0.5_r0,sfl,cnn,cifar10,3,1,0.5,0,9,1.3161,53.32,104.9998,93.1429,0.0,29.4574
sfl_cnn_cifar10_K3_c1_a0.5_r0,sfl,cnn,cifar10,3,1,0.5,0,10,1.2138,56.79,104.8991,93.105,0.0,29.4614
fl_cnn_cifar10_K5_c1_a1.0_r0,fl,cnn,cifar10,5,1,1.0,0,1,1.5762,43.67,38.4004,28.6202,0.0,9.7802
fl_cnn_cifar10_K5_c1_a1.0_r0,fl,cnn,cifar10,5,1,1.0,0,2,1.3125,52.57,30.0771,20.4233,0.0,9.6538
fl_cnn_cifar10_K5_c1_a1.0_r0,fl,cnn,cifar10,5,1,1.0,0,3,1.2072,56.97,29.8747,20.2286,0.0,9.6461
fl_cnn_cifar10_K5_c1_a1.0_r0,fl,cnn,cifar10,5,1,1.0,0,4,1.0933,61.45,29.775,20.2022,0.0,9.5728
fl_cnn_cifar10_K5_c1_a1.0_r0,fl,cnn,cifar10,5,1,1.0,0,5,1.0281,64.37,29.784,20.2219,0.0,9.562
fl_cnn_cifar10_K5_c1_a1.0_r0,fl,cnn,cifar10,5,1,1.0,0,6,0.9812,65.7,37.3116,27.7711,0.0,9.5405
fl_cnn_cifar10_K5_c1_a1.0_r0,fl,cnn,cifar10,5,1,1.0,0,7,0.9437,67.09,29.4706,19.9394,0.0,9.5313
fl_cnn_cifar10_K5_c1_a1.0_r0,fl,cnn,cifar10,5,1,1.0,0,8,0.917,68.05,29.4708,19.9355,0.0,9.5353
fl_cnn_cifar10_K5_c1_a1.0_r0,fl,cnn,cifar10,5,1,1.0,0,9,0.8816,69.98,29.0712,19.6578,0.0,9.4134
fl_cnn_cifar10_K5_c1_a1.0_r0,fl,cnn,cifar10,5,1,1.0,0,10,0.8553,70.76,29.3887,19.9216,0.0,9.4671
fl_cnn_cifar10_K10_c1_a0.9_r0,fl,cnn,cifar10,10,1,0.9,0,1,1.913,34.02,38.0492,30.2429,0.0,7.8063
fl_cnn_cifar10_K10_c1_a0.9_r0,fl,cnn,cifar10,10,1,0.9,0,2,1.5772,43.69,31.5813,23.8073,0.0,7.774
fl_cnn_cifar10_K10_c1_a0.9_r0,fl,cnn,cifar10,10,1,0.9,0,3,1.4153,49.53,31.5832,23.6961,0.0,7.8872
fl_cnn_cifar10_K10_c1_a0.9_r0,fl,cnn,cifar10,10,1,0.9,0,4,1.3245,52.02,30.9795,23.2865,0.0,7.6929
fl_cnn_cifar10_K10_c1_a0.9_r0,fl,cnn,cifar10,10,1,0.9,0,5,1.2572,54.47,30.7702,23.0907,0.0,7.6795
fl_cnn_cifar10_K10_c1_a0.9_r0,fl,cnn,cifar10,10,1,0.9,0,6,1.1925,57.13,38.8019,31.1786,0.0,7.6233
fl_cnn_cifar10_K10_c1_a0.9_r0,fl,cnn,cifar10,10,1,0.9,0,7,1.1333,59.49,30.3668,22.7465,0.0,7.6202
fl_cnn_cifar10_K10_c1_a0.9_r0,fl,cnn,cifar10,10,1,0.9,0,8,1.0935,61.3,30.3712,22.7669,0.0,7.6043
fl_cnn_cifar10_K10_c1_a0.9_r0,fl,cnn,cifar10,10,1,0.9,0,9,1.0655,62.16,30.3695,22.7545,0.0,7.6151
fl_cnn_cifar10_K10_c1_a0.9_r0,fl,cnn,cifar10,10,1,0.9,0,10,1.0402,63.36,30.7733,23.0686,0.0,7.7047
sfl_cnn_cifar10_K5_c1_a0.1_r0,sfl,cnn,cifar10,5,1,0.1,0,1,2.7571,20.11,75.1266,63.8916,0.0,23.5234
sfl_cnn_cifar10_K5_c1_a0.1_r0,sfl,cnn,cifar10,5,1,0.1,0,2,2.7171,23.98,75.5871,64.1555,0.0,23.1291
sfl_cnn_cifar10_K5_c1_a0.1_r0,sfl,cnn,cifar10,5,1,0.1,0,3,2.72,27.86,74.9464,63.7832,0.0,22.7579
sfl_cnn_cifar10_K5_c1_a0.1_r0,sfl,cnn,cifar10,5,1,0.1,0,4,2.6322,31.13,75.6785,64.0651,0.0,23.1202
sfl_cnn_cifar10_K5_c1_a0.1_r0,sfl,cnn,cifar10,5,1,0.1,0,5,2.285,35.21,76.719,64.9865,0.0,23.2588
sfl_cnn_cifar10_K5_c1_a0.1_r0,sfl,cnn,cifar10,5,1,0.1,0,6,2.3783,36.56,77.2104,65.5556,0.0,23.6114
sfl_cnn_cifar10_K5_c1_a0.1_r0,sfl,cnn,cifar10,5,1,0.1,0,7,2.1378,39.85,76.2031,64.3639,0.0,23.2609
sfl_cnn_cifar10_K5_c1_a0.1_r0,sfl,cnn,cifar10,5,1,0.1,0,8,2.1336,40.52,76.1736,64.5639,0.0,23.0008
sfl_cnn_cifar10_K5_c1_a0.1_r0,sfl,cnn,cifar10,5,1,0.1,0,9,2.1878,42.86,74.7378,63.2037,0.0,22.9579
sfl_cnn_cifar10_K5_c1_a0.1_r0,sfl,cnn,cifar10,5,1,0.1,0,10,2.1553,42.12,75.9959,64.2248,0.0,23.2619
sfl_cnn_cifar10_K10_c1_a1.0_r0,sfl,cnn,cifar10,10,1,1.0,0,1,1.8997,31.45,51.4542,40.4592,0.0,16.44
sfl_cnn_cifar10_K10_c1_a1.0_r0,sfl,cnn,cifar10,10,1,1.0,0,2,1.6984,38.24,51.1404,39.6992,0.0,16.1764
sfl_cnn_cifar10_K10_c1_a1.0_r0,sfl,cnn,cifar10,10,1,1.0,0,3,1.6128,42.03,50.5324,39.5297,0.0,15.6893
sfl_cnn_cifar10_K10_c1_a1.0_r0,sfl,cnn,cifar10,10,1,1.0,0,4,1.5678,44.25,49.2526,38.1313,0.0,15.8648
sfl_cnn_cifar10_K10_c1_a1.0_r0,sfl,cnn,cifar10,10,1,1.0,0,5,1.5242,46.56,51.0699,39.8771,0.0,15.956
sfl_cnn_cifar10_K10_c1_a1.0_r0,sfl,cnn,cifar10,10,1,1.0,0,6,1.5045,47.78,51.8716,40.4593,0.0,16.7639
sfl_cnn_cifar10_K10_c1_a1.0_r0,sfl,cnn,cifar10,10,1,1.0,0,7,1.4702,49.05,50.8014,39.5378,0.0,15.9697
sfl_cnn_cifar10_K10_c1_a1.0_r0,sfl,cnn,cifar10,10,1,1.0,0,8,1.4338,50.36,51.8646,40.776,0.0,15.8143
sfl_cnn_cifar10_K10_c1_a1.0_r0,sfl,cnn,cifar10,10,1,1.0,0,9,1.4226,50.99,51.4759,40.0497,0.0,16.1228
sfl_cnn_cifar10_K10_c1_a1.0_r0,sfl,cnn,cifar10,10,1,1.0,0,10,1.404,51.63,50.1341,39.066,0.0,15.9063
sl_cnn_cifar10_K3_c1_a0.5_r0,sl,cnn,cifar10,3,1,0.5,0,1,2.2099,27.11,103.0368,91.5772,0.0,29.449
sl_cnn_cifar10_K3_c1_a0.5_r0,sl,cnn,cifar10,3,1,0.5,0,2,2.2555,31.43,103.4258,92.0399,0.0,28.4841
sl_cnn_cifar10_K3_c1_a0.5_r0,sl,cnn,cifar10,3,1,0.5,0,3,2.2905,34.03,103.7165,92.2687,0.0,28.6101
sl_cnn_cifar10_K3_c1_a0.5_r0,sl,cnn,cifar10,3,1,0.5,0,4,2.2391,36.36,103.1204,91.4649,0.0,29.029
sl_cnn_cifar10_K3_c1_a0.5_r0,sl,cnn,cifar10,3,1,0.5,0,5,2.1916,38.03,103.8627,92.2898,0.0,29.2966
sl_cnn_cifar10_K3_c1_a0.5_r0,sl,cnn,cifar10,3,1,0.5,0,6,1.9907,39.5,104.4318,92.7257,0.0,29.8771
sl_cnn_cifar10_K3_c1_a0.5_r0,sl,cnn,cifar10,3,1,0.5,0,7,2.0108,40.64,105.7873,93.8827,0.0,29.4767
sl_cnn_cifar10_K3_c1_a0.5_r0,sl,cnn,cifar10,3,1,0.5,0,8,1.996,41.62,102.5924,91.231,0.0,28.7768
sl_cnn_cifar10_K3_c1_a0.5_r0,sl,cnn,cifar10,3,1,0.5,0,9,1.9704,42.53,103.1267,91.6046,0.0,28.8974
sl_cnn_cifar10_K3_c1_a0.5_r0,sl,cnn,cifar10,3,1,0.5,0,10,1.9458,43.45,102.5187,90.9932,0.0,29.151
fl_cnn_cifar10_K3_c1_a0.9_r0,fl,cnn,cifar10,3,1,0.9,0,1,1.5104,46.4,32.3544,12.4265,0.0,19.9279
fl_cnn_cifar10_K3_c1_a0.9_r0,fl,cnn,cifar10,3,1,0.9,0,2,1.2172,57.27,25.4657,5.648,0.0,19.8177
fl_cnn_cifar10_K3_c1_a0.9_r0,fl,cnn,cifar10,3,1,0.9,0,3,1.0993,60.98,25.1609,5.516,0.0,19.6449
fl_cnn_cifar10_K3_c1_a0.9_r0,fl,cnn,cifar10,3,1,0.9,0,4,1.0036,65.19,25.1625,5.4896,0.0,19.6729
fl_cnn_cifar10_K3_c1_a0.9_r0,fl,cnn,cifar10,3,1,0.9,0,5,0.9229,68.25,24.962,5.4453,0.0,19.5167
fl_cnn_cifar10_K3_c1_a0.9_r0,fl,cnn,cifar10,3,1,0.9,0,6,0.8757,69.6,32.4598,13.1859,0.0,19.274
fl_cnn_cifar10_K3_c1_a0.9_r0,fl,cnn,cifar10,3,1,0.9,0,7,0.8644,69.94,24.6593,5.4028,0.0,19.2564
fl_cnn_cifar10_K3_c1_a0.9_r0,fl,cnn,cifar10,3,1,0.9,0,8,0.8123,72.08,24.4576,5.2956,0.0,19.162
fl_cnn_cifar10_K3_c1_a0.9_r0,fl,cnn,cifar10,3,1,0.9,0,9,0.8221,71.17,24.5552,5.3583,0.0,19.1969
fl_cnn_cifar10_K3_c1_a0.9_r0,fl,cnn,cifar10,3,1,0.9,0,10,0.7804,73.91,24.5584,5.3123,0.0,19.246
sfl_cnn_cifar10_K5_c1_a1.0_r0,sfl,cnn,cifar10,5,1,1.0,0,1,1.8675,33.7,71.3818,60.2461,0.0,21.8407
sfl_cnn_cifar10_K5_c1_a1.0_r0,sfl,cnn,cifar10,5,1,1.0,0,2,1.6528,40.49,70.6907,59.4061,0.0,21.1116
sfl_cnn_cifar10_K5_c1_a1.0_r0,sfl,cnn,cifar10,5,1,1.0,0,3,1.5401,43.83,71.4902,60.1235,0.0,21.3763
sfl_cnn_cifar10_K5_c1_a1.0_r0,sfl,cnn,cifar10,5,1,1.0,0,4,1.4789,46.04,70.9069,59.6043,0.0,21.3479
sfl_cnn_cifar10_K5_c1_a1.0_r0,sfl,cnn,cifar10,5,1,1.0,0,5,1.4442,47.54,69.8096,58.7429,0.0,20.9874
sfl_cnn_cifar10_K5_c1_a1.0_r0,sfl,cnn,cifar10,5,1,1.0,0,6,1.4112,48.56,72.5687,61.068,0.0,22.0739
sfl_cnn_cifar10_K5_c1_a1.0_r0,sfl,cnn,cifar10,5,1,1.0,0,7,1.3808,49.63,72.7905,61.0882,0.0,21.7624
sfl_cnn_cifar10_K5_c1_a1.0_r0,sfl,cnn,cifar10,5,1,1.0,0,8,1.3423,51.15,70.7111,59.4911,0.0,21.0811
sfl_cnn_cifar10_K5_c1_a1.0_r0,sfl,cnn,cifar10,5,1,1.0,0,9,1.3069,52.77,71.0691,59.6373,0.0,21.53
sfl_cnn_cifar10_K5_c1_a1.0_r0,sfl,cnn,cifar10,5,1,1.0,0,10,1.2876,53.54,71.2453,59.8548,0.0,21.3337
sl_cnn_cifar10_K5_c1_a0.9_r0,sl,cnn,cifar10,5,1,0.9,0,1,2.0759,29.34,87.0728,75.6092,0.0,25.6975
sl_cnn_cifar10_K5_c1_a0.9_r0,sl,cnn,cifar10,5,1,0.9,0,2,1.9491,34.99,88.9827,77.1556,0.0,25.5042
sl_cnn_cifar10_K5_c1_a0.9_r0,sl,cnn,cifar10,5,1,0.9,0,3,1.8769,37.36,87.7476,76.3391,0.0,25.0282
sl_cnn_cifar10_K5_c1_a0.9_r0,sl,cnn,cifar10,5,1,0.9,0,4,1.8363,39.24,87.4559,75.7672,0.0,25.3659
sl_cnn_cifar10_K5_c1_a0.9_r0,sl,cnn,cifar10,5,1,0.9,0,5,1.7891,41.21,87.8167,76.2229,0.0,25.155
sl_cnn_cifar10_K5_c1_a0.9_r0,sl,cnn,cifar10,5,1,0.9,0,6,1.7459,43.35,89.033,77.444,0.0,25.9572
sl_cnn_cifar10_K5_c1_a0.9_r0,sl,cnn,cifar10,5,1,0.9,0,7,1.6846,44.92,87.4248,75.9397,0.0,25.0667
sl_cnn_cifar10_K5_c1_a0.9_r0,sl,cnn,cifar10,5,1,0.9,0,8,1.6357,46.27,87.0007,75.6426,0.0,24.9676
sl_cnn_cifar10_K5_c1_a0.9_r0,sl,cnn,cifar10,5,1,0.9,0,9,1.5922,47.66,86.8525,75.5804,0.0,24.814
sl_cnn_cifar10_K5_c1_a0.9_r0,sl,cnn,cifar10,5,1,0.9,0,10,1.5507,49.06,87.0063,75.7996,0.0,24.8877
sfl_cnn_cifar10_K10_c1_a0.9_r0,sfl,cnn,cifar10,10,1,0.9,0,1,2.1363,24.1,62.5639,51.4511,0.0,19.1456
sfl_cnn_cifar10_K10_c1_a0.9_r0,sfl,cnn,cifar10,10,1,0.9,0,2,1.7674,36.85,61.0495,49.6786,0.0,18.8118
sfl_cnn_cifar10_K10_c1_a0.9_r0,sfl,cnn,cifar10,10,1,0.9,0,3,1.6169,40.81,60.6169,49.3303,0.0,18.5968
sfl_cnn_cifar10_K10_c1_a0.9_r0,sfl,cnn,cifar10,10,1,0.9,0,4,1.5089,45.1,61.8564,50.7035,0.0,18.5559
sfl_cnn_cifar10_K10_c1_a0.9_r0,sfl,cnn,cifar10,10,1,0.9,0,5,1.4676,47.47,61.1712,49.8763,0.0,18.6299
sfl_cnn_cifar10_K10_c1_a0.9_r0,sfl,cnn,cifar10,10,1,0.9,0,6,1.4146,48.94,61.4362,50.268,0.0,19.3113
sfl_cnn_cifar10_K10_c1_a0.9_r0,sfl,cnn,cifar10,10,1,0.9,0,7,1.3652,51.57,61.1025,49.9908,0.0,18.6461
sfl_cnn_cifar10_K10_c1_a0.9_r0,sfl,cnn,cifar10,10,1,0.9,0,8,1.3299,52.93,60.6221,49.4573,0.0,18.6404
sfl_cnn_cifar10_K10_c1_a0.9_r0,sfl,cnn,cifar10,10,1,0.9,0,9,1.2878,54.45,60.8707,49.9056,0.0,18.3776
sfl_cnn_cifar10_K10_c1_a0.9_r0,sfl,cnn,cifar10,10,1,0.9,0,10,1.2629,55.55,62.0871,50.9239,0.0,18.6765
